sample_uid,class_uid,slug,label_original,language,dialect,source_type,user_id,session_id,fps_original,fps_processed,seq_len,augment_id,completeness,file_path,storage_key,storage_url,checksum,created_at,sample_id,class_idx,folder_name,file,label_slug,label_key
557a427457,9257a41e-3b25-41c7-8992-0f14c3872e96,rang-muoi,rang muối,vn,hoa-de,camera,Minh,1778821993129,,,60,0,None,https://drive.google.com/file/d/1MnXNl60UkvUt1zE2h1tVl6wxz3-r0Mu7/view,features/vn/hoa-de/class_rang-muoi_9257a41e/sample_557a427457.npz,https://drive.google.com/file/d/1MnXNl60UkvUt1zE2h1tVl6wxz3-r0Mu7/view,,2026-05-15T05:16:41.713294Z,557a427457,3,class_rang-muoi_9257a41e,sample_557a427457.npz,rang-muoi,vn/hoa-de/rang-muoi
1774476489,9257a41e-3b25-41c7-8992-0f14c3872e96,rang-muoi,rang muối,vn,hoa-de,camera,Minh,1778821993129,,,60,0,None,https://drive.google.com/file/d/1gykVAyOOYZK_h5WCfIbC_utzep9rRztf/view,features/vn/hoa-de/class_rang-muoi_9257a41e/sample_1774476489.npz,https://drive.google.com/file/d/1gykVAyOOYZK_h5WCfIbC_utzep9rRztf/view,,2026-05-15T05:16:26.960855Z,1774476489,3,class_rang-muoi_9257a41e,sample_1774476489.npz,rang-muoi,vn/hoa-de/rang-muoi
6032e1585f,9257a41e-3b25-41c7-8992-0f14c3872e96,rang-muoi,rang muối,vn,hoa-de,camera,Trân,1778751697482,,,60,0,None,https://drive.google.com/file/d/1IpX4S-ioiTF2tkw8np7eL51yXphpBxtV/view,features/vn/hoa-de/class_rang-muoi_9257a41e/sample_6032e1585f.npz,https://drive.google.com/file/d/1IpX4S-ioiTF2tkw8np7eL51yXphpBxtV/view,,2026-05-14T09:46:54.565820Z,6032e1585f,3,class_rang-muoi_9257a41e,sample_6032e1585f.npz,rang-muoi,vn/hoa-de/rang-muoi
eeeadb4be6,9257a41e-3b25-41c7-8992-0f14c3872e96,rang-muoi,rang muối,vn,hoa-de,camera,Minh,1778751697482,,,60,0,None,https://drive.google.com/file/d/1if5NkkP5JaHUnAVhjd8QCBhrvPXyzzo0/view,features/vn/hoa-de/class_rang-muoi_9257a41e/sample_eeeadb4be6.npz,https://drive.google.com/file/d/1if5NkkP5JaHUnAVhjd8QCBhrvPXyzzo0/view,,2026-05-14T09:48:02.880299Z,eeeadb4be6,3,class_rang-muoi_9257a41e,sample_eeeadb4be6.npz,rang-muoi,vn/hoa-de/rang-muoi
b223867856,9257a41e-3b25-41c7-8992-0f14c3872e96,rang-muoi,rang muối,vn,hoa-de,camera,Minh,1778751697482,,,60,0,None,https://drive.google.com/file/d/1mb34hNCrUVsCDmRjDiBdT8hYv9hbmv-Z/view,features/vn/hoa-de/class_rang-muoi_9257a41e/sample_b223867856.npz,https://drive.google.com/file/d/1mb34hNCrUVsCDmRjDiBdT8hYv9hbmv-Z/view,,2026-05-14T09:48:44.120583Z,b223867856,3,class_rang-muoi_9257a41e,sample_b223867856.npz,rang-muoi,vn/hoa-de/rang-muoi
a9262deac1,9257a41e-3b25-41c7-8992-0f14c3872e96,rang-muoi,rang muối,vn,hoa-de,camera,Trân,1778751697482,,,60,0,None,https://drive.google.com/file/d/1LoIFVcgzDC6B8vIjYsfYBpLG0mez3TIq/view,features/vn/hoa-de/class_rang-muoi_9257a41e/sample_a9262deac1.npz,https://drive.google.com/file/d/1LoIFVcgzDC6B8vIjYsfYBpLG0mez3TIq/view,,2026-05-14T09:43:35.919931Z,a9262deac1,3,class_rang-muoi_9257a41e,sample_a9262deac1.npz,rang-muoi,vn/hoa-de/rang-muoi
c9d2a1a9b5,9257a41e-3b25-41c7-8992-0f14c3872e96,rang-muoi,rang muối,vn,hoa-de,camera,Trân,1778751697482,,,60,0,None,https://drive.google.com/file/d/1mH_C1uLOEdWJOYzCNFFY7swbZo0vnIf3/view,features/vn/hoa-de/class_rang-muoi_9257a41e/sample_c9d2a1a9b5.npz,https://drive.google.com/file/d/1mH_C1uLOEdWJOYzCNFFY7swbZo0vnIf3/view,,2026-05-14T09:47:08.107188Z,c9d2a1a9b5,3,class_rang-muoi_9257a41e,sample_c9d2a1a9b5.npz,rang-muoi,vn/hoa-de/rang-muoi
617e383b40,9257a41e-3b25-41c7-8992-0f14c3872e96,rang-muoi,rang muối,vn,hoa-de,camera,Minh,1778821993129,,,60,0,None,https://drive.google.com/file/d/1mQvaLU1TqhuHYqUD_8KG-QRtfopdJMNH/view,features/vn/hoa-de/class_rang-muoi_9257a41e/sample_617e383b40.npz,https://drive.google.com/file/d/1mQvaLU1TqhuHYqUD_8KG-QRtfopdJMNH/view,,2026-05-15T05:14:38.397876Z,617e383b40,3,class_rang-muoi_9257a41e,sample_617e383b40.npz,rang-muoi,vn/hoa-de/rang-muoi
1aaa1d7240,9257a41e-3b25-41c7-8992-0f14c3872e96,rang-muoi,rang muối,vn,hoa-de,camera,Minh,1778751697482,,,60,0,None,https://drive.google.com/file/d/1V3o_GJDbUEO-hr-muZMRdTblTN5-BPQU/view,features/vn/hoa-de/class_rang-muoi_9257a41e/sample_1aaa1d7240.npz,https://drive.google.com/file/d/1V3o_GJDbUEO-hr-muZMRdTblTN5-BPQU/view,,2026-05-14T09:53:07.053296Z,1aaa1d7240,3,class_rang-muoi_9257a41e,sample_1aaa1d7240.npz,rang-muoi,vn/hoa-de/rang-muoi
da3afbe10f,9257a41e-3b25-41c7-8992-0f14c3872e96,rang-muoi,rang muối,vn,hoa-de,camera,Minh,1778751697482,,,60,0,None,https://drive.google.com/file/d/1v7KRtT27Vnl47H0UV2lOjFS5ilqX6BXg/view,features/vn/hoa-de/class_rang-muoi_9257a41e/sample_da3afbe10f.npz,https://drive.google.com/file/d/1v7KRtT27Vnl47H0UV2lOjFS5ilqX6BXg/view,,2026-05-14T09:48:16.677487Z,da3afbe10f,3,class_rang-muoi_9257a41e,sample_da3afbe10f.npz,rang-muoi,vn/hoa-de/rang-muoi
a24b014eb1,9257a41e-3b25-41c7-8992-0f14c3872e96,rang-muoi,rang muối,vn,hoa-de,camera,Minh,1778821993129,,,60,0,None,https://drive.google.com/file/d/1V2Ou2vv69RWM7lo2Ph5xeGVniIAe-Zt2/view,features/vn/hoa-de/class_rang-muoi_9257a41e/sample_a24b014eb1.npz,https://drive.google.com/file/d/1V2Ou2vv69RWM7lo2Ph5xeGVniIAe-Zt2/view,,2026-05-15T05:15:43.730226Z,a24b014eb1,3,class_rang-muoi_9257a41e,sample_a24b014eb1.npz,rang-muoi,vn/hoa-de/rang-muoi
bdf719b647,9257a41e-3b25-41c7-8992-0f14c3872e96,rang-muoi,rang muối,vn,hoa-de,camera,Trân,1778751697482,,,60,0,None,https://drive.google.com/file/d/1NcoCzkBiSs4aPu3sWCQU0nVExAkKgOZT/view,features/vn/hoa-de/class_rang-muoi_9257a41e/sample_bdf719b647.npz,https://drive.google.com/file/d/1NcoCzkBiSs4aPu3sWCQU0nVExAkKgOZT/view,,2026-05-14T09:45:50.719697Z,bdf719b647,3,class_rang-muoi_9257a41e,sample_bdf719b647.npz,rang-muoi,vn/hoa-de/rang-muoi
a748ecadcc,9257a41e-3b25-41c7-8992-0f14c3872e96,rang-muoi,rang muối,vn,hoa-de,camera,Trân,1778751697482,,,60,0,None,https://drive.google.com/file/d/1Ez0ENTR8QZsmzJkpoSeLCyoS3ReMZKNW/view,features/vn/hoa-de/class_rang-muoi_9257a41e/sample_a748ecadcc.npz,https://drive.google.com/file/d/1Ez0ENTR8QZsmzJkpoSeLCyoS3ReMZKNW/view,,2026-05-14T09:43:49.010330Z,a748ecadcc,3,class_rang-muoi_9257a41e,sample_a748ecadcc.npz,rang-muoi,vn/hoa-de/rang-muoi
91599a21ff,9257a41e-3b25-41c7-8992-0f14c3872e96,rang-muoi,rang muối,vn,hoa-de,camera,Trân,1778751697482,,,60,0,None,https://drive.google.com/file/d/13dwbRbksCOpeKT18RIU2_C5auxLJVJdJ/view,features/vn/hoa-de/class_rang-muoi_9257a41e/sample_91599a21ff.npz,https://drive.google.com/file/d/13dwbRbksCOpeKT18RIU2_C5auxLJVJdJ/view,,2026-05-14T09:47:35.250087Z,91599a21ff,3,class_rang-muoi_9257a41e,sample_91599a21ff.npz,rang-muoi,vn/hoa-de/rang-muoi
72e181fde9,9257a41e-3b25-41c7-8992-0f14c3872e96,rang-muoi,rang muối,vn,hoa-de,camera,Trân,1778751697482,,,60,0,None,https://drive.google.com/file/d/1246GUmtCbrN8cBkDWeZ6K2sTHCsIWpJN/view,features/vn/hoa-de/class_rang-muoi_9257a41e/sample_72e181fde9.npz,https://drive.google.com/file/d/1246GUmtCbrN8cBkDWeZ6K2sTHCsIWpJN/view,,2026-05-14T09:46:40.900532Z,72e181fde9,3,class_rang-muoi_9257a41e,sample_72e181fde9.npz,rang-muoi,vn/hoa-de/rang-muoi
dfe5748f9f,9257a41e-3b25-41c7-8992-0f14c3872e96,rang-muoi,rang muối,vn,hoa-de,camera,Trân,1778751697482,,,60,0,None,https://drive.google.com/file/d/1MekpbUZ4PQobFWy2qryDoWA-06jcxgNq/view,features/vn/hoa-de/class_rang-muoi_9257a41e/sample_dfe5748f9f.npz,https://drive.google.com/file/d/1MekpbUZ4PQobFWy2qryDoWA-06jcxgNq/view,,2026-05-14T09:43:22.299336Z,dfe5748f9f,3,class_rang-muoi_9257a41e,sample_dfe5748f9f.npz,rang-muoi,vn/hoa-de/rang-muoi
eea7c08ecd,9257a41e-3b25-41c7-8992-0f14c3872e96,rang-muoi,rang muối,vn,hoa-de,camera,Trân,1778751697482,,,60,0,None,https://drive.google.com/file/d/1c19vzu815aWq2Mrq08ddgk_lAfOGDk-d/view,features/vn/hoa-de/class_rang-muoi_9257a41e/sample_eea7c08ecd.npz,https://drive.google.com/file/d/1c19vzu815aWq2Mrq08ddgk_lAfOGDk-d/view,,2026-05-14T09:46:03.963864Z,eea7c08ecd,3,class_rang-muoi_9257a41e,sample_eea7c08ecd.npz,rang-muoi,vn/hoa-de/rang-muoi
b45614ef10,9257a41e-3b25-41c7-8992-0f14c3872e96,rang-muoi,rang muối,vn,hoa-de,camera,Trân,1778751697482,,,60,0,None,https://drive.google.com/file/d/1XGwNRuZ8da2oXP961V6sPGj3XYQzoJEz/view,features/vn/hoa-de/class_rang-muoi_9257a41e/sample_b45614ef10.npz,https://drive.google.com/file/d/1XGwNRuZ8da2oXP961V6sPGj3XYQzoJEz/view,,2026-05-14T09:44:02.712592Z,b45614ef10,3,class_rang-muoi_9257a41e,sample_b45614ef10.npz,rang-muoi,vn/hoa-de/rang-muoi
73b39b9ed7,9257a41e-3b25-41c7-8992-0f14c3872e96,rang-muoi,rang muối,vn,hoa-de,camera,Trân,1778824957715,,,60,0,None,https://drive.google.com/file/d/1qCWIEY-Mi565VcU7DHPlyldWG8m7JSYx/view,features/vn/hoa-de/class_rang-muoi_9257a41e/sample_73b39b9ed7.npz,https://drive.google.com/file/d/1qCWIEY-Mi565VcU7DHPlyldWG8m7JSYx/view,,2026-05-15T07:02:21.331707Z,73b39b9ed7,3,class_rang-muoi_9257a41e,sample_73b39b9ed7.npz,rang-muoi,vn/hoa-de/rang-muoi
a4cf52aeed,9257a41e-3b25-41c7-8992-0f14c3872e96,rang-muoi,rang muối,vn,hoa-de,camera,Minh,1778821993129,,,60,0,None,https://drive.google.com/file/d/1DFLqk-TyW4mFauosaEGIbjNLAA9w8Q4J/view,features/vn/hoa-de/class_rang-muoi_9257a41e/sample_a4cf52aeed.npz,https://drive.google.com/file/d/1DFLqk-TyW4mFauosaEGIbjNLAA9w8Q4J/view,,2026-05-15T05:14:23.811054Z,a4cf52aeed,3,class_rang-muoi_9257a41e,sample_a4cf52aeed.npz,rang-muoi,vn/hoa-de/rang-muoi
9e308e0a8f,9257a41e-3b25-41c7-8992-0f14c3872e96,rang-muoi,rang muối,vn,hoa-de,camera,Minh,1778821993129,,,60,0,None,https://drive.google.com/file/d/17aZ0Rt_OwZNXSjGGaqKguCQU8xqFhd_h/view,features/vn/hoa-de/class_rang-muoi_9257a41e/sample_9e308e0a8f.npz,https://drive.google.com/file/d/17aZ0Rt_OwZNXSjGGaqKguCQU8xqFhd_h/view,,2026-05-15T05:14:09.072133Z,9e308e0a8f,3,class_rang-muoi_9257a41e,sample_9e308e0a8f.npz,rang-muoi,vn/hoa-de/rang-muoi
d29c689cc1,9257a41e-3b25-41c7-8992-0f14c3872e96,rang-muoi,rang muối,vn,hoa-de,camera,Minh,1778751697482,,,60,0,None,https://drive.google.com/file/d/1YCCpcxGnrh5XIOvfFY3uRlyICQ_G3BdU/view,features/vn/hoa-de/class_rang-muoi_9257a41e/sample_d29c689cc1.npz,https://drive.google.com/file/d/1YCCpcxGnrh5XIOvfFY3uRlyICQ_G3BdU/view,,2026-05-14T09:48:57.615792Z,d29c689cc1,3,class_rang-muoi_9257a41e,sample_d29c689cc1.npz,rang-muoi,vn/hoa-de/rang-muoi
f14b9cd1b4,9257a41e-3b25-41c7-8992-0f14c3872e96,rang-muoi,rang muối,vn,hoa-de,camera,Minh,1778751697482,,,60,0,None,https://drive.google.com/file/d/1II9-vkc9qlMkEPRtFQ6B0R8n0c5KIKcA/view,features/vn/hoa-de/class_rang-muoi_9257a41e/sample_f14b9cd1b4.npz,https://drive.google.com/file/d/1II9-vkc9qlMkEPRtFQ6B0R8n0c5KIKcA/view,,2026-05-14T09:52:39.859164Z,f14b9cd1b4,3,class_rang-muoi_9257a41e,sample_f14b9cd1b4.npz,rang-muoi,vn/hoa-de/rang-muoi
c17892c1f9,9257a41e-3b25-41c7-8992-0f14c3872e96,rang-muoi,rang muối,vn,hoa-de,camera,Trân,1778751697482,,,60,0,None,https://drive.google.com/file/d/1FTYbrFqOdkP6Rs-nf1h2q4EX25wH_ub3/view,features/vn/hoa-de/class_rang-muoi_9257a41e/sample_c17892c1f9.npz,https://drive.google.com/file/d/1FTYbrFqOdkP6Rs-nf1h2q4EX25wH_ub3/view,,2026-05-14T09:46:18.008324Z,c17892c1f9,3,class_rang-muoi_9257a41e,sample_c17892c1f9.npz,rang-muoi,vn/hoa-de/rang-muoi
97ab9903c4,9257a41e-3b25-41c7-8992-0f14c3872e96,rang-muoi,rang muối,vn,hoa-de,camera,Minh,1778821993129,,,60,0,None,https://drive.google.com/file/d/1JbXchyn9XA56XyPU20EhJPUGNUpgImdA/view,features/vn/hoa-de/class_rang-muoi_9257a41e/sample_97ab9903c4.npz,https://drive.google.com/file/d/1JbXchyn9XA56XyPU20EhJPUGNUpgImdA/view,,2026-05-15T05:14:53.178502Z,97ab9903c4,3,class_rang-muoi_9257a41e,sample_97ab9903c4.npz,rang-muoi,vn/hoa-de/rang-muoi
8113a0fe5c,9257a41e-3b25-41c7-8992-0f14c3872e96,rang-muoi,rang muối,vn,hoa-de,camera,Trân,1778824957715,,,60,0,None,https://drive.google.com/file/d/1pwZuP5lAJoEGZKkkeUMK2DNxNXltT7xM/view,features/vn/hoa-de/class_rang-muoi_9257a41e/sample_8113a0fe5c.npz,https://drive.google.com/file/d/1pwZuP5lAJoEGZKkkeUMK2DNxNXltT7xM/view,,2026-05-15T07:02:10.834779Z,8113a0fe5c,3,class_rang-muoi_9257a41e,sample_8113a0fe5c.npz,rang-muoi,vn/hoa-de/rang-muoi
facd99160c,9257a41e-3b25-41c7-8992-0f14c3872e96,rang-muoi,rang muối,vn,hoa-de,camera,Trân,1778824957715,,,60,0,None,https://drive.google.com/file/d/1KXMPTAoA-Gwmqu920oyp_MwlShiWRxsg/view,features/vn/hoa-de/class_rang-muoi_9257a41e/sample_facd99160c.npz,https://drive.google.com/file/d/1KXMPTAoA-Gwmqu920oyp_MwlShiWRxsg/view,,2026-05-15T07:01:32.326144Z,facd99160c,3,class_rang-muoi_9257a41e,sample_facd99160c.npz,rang-muoi,vn/hoa-de/rang-muoi
dd78a01c49,9257a41e-3b25-41c7-8992-0f14c3872e96,rang-muoi,rang muối,vn,hoa-de,camera,Minh,1778751697482,,,60,0,None,https://drive.google.com/file/d/14y2typTOlcTfaWNgRriIyW3EdZ647bUt/view,features/vn/hoa-de/class_rang-muoi_9257a41e/sample_dd78a01c49.npz,https://drive.google.com/file/d/14y2typTOlcTfaWNgRriIyW3EdZ647bUt/view,,2026-05-14T09:52:26.141010Z,dd78a01c49,3,class_rang-muoi_9257a41e,sample_dd78a01c49.npz,rang-muoi,vn/hoa-de/rang-muoi
12f6ea28cf,9257a41e-3b25-41c7-8992-0f14c3872e96,rang-muoi,rang muối,vn,hoa-de,camera,Minh,1778821993129,,,60,0,None,https://drive.google.com/file/d/1X1AvdpvpN-PtydkLfeg0Jck0COSfEVEX/view,features/vn/hoa-de/class_rang-muoi_9257a41e/sample_12f6ea28cf.npz,https://drive.google.com/file/d/1X1AvdpvpN-PtydkLfeg0Jck0COSfEVEX/view,,2026-05-15T05:16:56.315967Z,12f6ea28cf,3,class_rang-muoi_9257a41e,sample_12f6ea28cf.npz,rang-muoi,vn/hoa-de/rang-muoi
4034841e5e,7246af3c-d9b8-4919-afff-9b21ad3f8d93,tom,tôm,vn,hoa-de,camera,Trân,1778751697482,,,60,0,None,https://drive.google.com/file/d/1sDwnV8pnPUlzC22gRMejBVKEOyZsf4t1/view,features/vn/hoa-de/class_tom_7246af3c/sample_4034841e5e.npz,https://drive.google.com/file/d/1sDwnV8pnPUlzC22gRMejBVKEOyZsf4t1/view,,2026-05-14T09:54:40.772517Z,4034841e5e,4,class_tom_7246af3c,sample_4034841e5e.npz,tom,vn/hoa-de/tom
9d723103de,7246af3c-d9b8-4919-afff-9b21ad3f8d93,tom,tôm,vn,hoa-de,camera,Minh,1778754365813,,,60,0,None,https://drive.google.com/file/d/1XGo0YlIvPPEgS_wd438TjInoXCOlRWYr/view,features/vn/hoa-de/class_tom_7246af3c/sample_9d723103de.npz,https://drive.google.com/file/d/1XGo0YlIvPPEgS_wd438TjInoXCOlRWYr/view,,2026-05-14T10:30:18.748878Z,9d723103de,4,class_tom_7246af3c,sample_9d723103de.npz,tom,vn/hoa-de/tom
a02e556ded,7246af3c-d9b8-4919-afff-9b21ad3f8d93,tom,tôm,vn,hoa-de,camera,Trân,1778754365813,,,60,0,None,https://drive.google.com/file/d/1VpCm91SE2eNFFnF7Y2eIO2hKGrxXCTlv/view,features/vn/hoa-de/class_tom_7246af3c/sample_a02e556ded.npz,https://drive.google.com/file/d/1VpCm91SE2eNFFnF7Y2eIO2hKGrxXCTlv/view,,2026-05-14T10:27:07.155979Z,a02e556ded,4,class_tom_7246af3c,sample_a02e556ded.npz,tom,vn/hoa-de/tom
68fd68f5ef,7246af3c-d9b8-4919-afff-9b21ad3f8d93,tom,tôm,vn,hoa-de,camera,Minh,1778754365813,,,60,0,None,https://drive.google.com/file/d/1Lry3WkuFxdSXZ8vAKnJ7ihsDRXFj73YR/view,features/vn/hoa-de/class_tom_7246af3c/sample_68fd68f5ef.npz,https://drive.google.com/file/d/1Lry3WkuFxdSXZ8vAKnJ7ihsDRXFj73YR/view,,2026-05-14T10:28:08.771997Z,68fd68f5ef,4,class_tom_7246af3c,sample_68fd68f5ef.npz,tom,vn/hoa-de/tom
aee45136bd,7246af3c-d9b8-4919-afff-9b21ad3f8d93,tom,tôm,vn,hoa-de,camera,Minh,1778754365813,,,60,0,None,https://drive.google.com/file/d/1scZ7zj38_4u5THK2LjbCeC3X4Bm0noNG/view,features/vn/hoa-de/class_tom_7246af3c/sample_aee45136bd.npz,https://drive.google.com/file/d/1scZ7zj38_4u5THK2LjbCeC3X4Bm0noNG/view,,2026-05-14T10:29:38.549780Z,aee45136bd,4,class_tom_7246af3c,sample_aee45136bd.npz,tom,vn/hoa-de/tom
d6ef358990,7246af3c-d9b8-4919-afff-9b21ad3f8d93,tom,tôm,vn,hoa-de,camera,Trân,1778751697482,,,60,0,None,https://drive.google.com/file/d/19S0u3fiZyo3nB4OZu-dwxxs75cKXLEHe/view,features/vn/hoa-de/class_tom_7246af3c/sample_d6ef358990.npz,https://drive.google.com/file/d/19S0u3fiZyo3nB4OZu-dwxxs75cKXLEHe/view,,2026-05-14T09:56:05.829818Z,d6ef358990,4,class_tom_7246af3c,sample_d6ef358990.npz,tom,vn/hoa-de/tom
85bb571cb0,7246af3c-d9b8-4919-afff-9b21ad3f8d93,tom,tôm,vn,hoa-de,camera,Minh,1778754365813,,,60,0,None,https://drive.google.com/file/d/16C8-e9mTp58yGR0FYOiSj8p6T9YWbyrf/view,features/vn/hoa-de/class_tom_7246af3c/sample_85bb571cb0.npz,https://drive.google.com/file/d/16C8-e9mTp58yGR0FYOiSj8p6T9YWbyrf/view,,2026-05-14T10:28:22.278657Z,85bb571cb0,4,class_tom_7246af3c,sample_85bb571cb0.npz,tom,vn/hoa-de/tom
5dee35437b,7246af3c-d9b8-4919-afff-9b21ad3f8d93,tom,tôm,vn,hoa-de,camera,Trân,1778751697482,,,60,0,None,https://drive.google.com/file/d/1T9bUgruct-kT0Dosp4f_d_fgdyQKR3gd/view,features/vn/hoa-de/class_tom_7246af3c/sample_5dee35437b.npz,https://drive.google.com/file/d/1T9bUgruct-kT0Dosp4f_d_fgdyQKR3gd/view,,2026-05-14T09:54:09.345096Z,5dee35437b,4,class_tom_7246af3c,sample_5dee35437b.npz,tom,vn/hoa-de/tom
865faf6b36,7246af3c-d9b8-4919-afff-9b21ad3f8d93,tom,tôm,vn,hoa-de,camera,Trân,1778754242761,,,60,0,None,https://drive.google.com/file/d/1sIGW5ge_6juLODAHX12wr7b4DOROqZyF/view,features/vn/hoa-de/class_tom_7246af3c/sample_865faf6b36.npz,https://drive.google.com/file/d/1sIGW5ge_6juLODAHX12wr7b4DOROqZyF/view,,2026-05-14T10:25:00.109934Z,865faf6b36,4,class_tom_7246af3c,sample_865faf6b36.npz,tom,vn/hoa-de/tom
6351420746,7246af3c-d9b8-4919-afff-9b21ad3f8d93,tom,tôm,vn,hoa-de,camera,Trân,1778754365813,,,60,0,None,https://drive.google.com/file/d/1D7Ttv2PjHeyY3Y2HeA2zcFu2ETEHEiKy/view,features/vn/hoa-de/class_tom_7246af3c/sample_6351420746.npz,https://drive.google.com/file/d/1D7Ttv2PjHeyY3Y2HeA2zcFu2ETEHEiKy/view,,2026-05-14T10:26:53.691877Z,6351420746,4,class_tom_7246af3c,sample_6351420746.npz,tom,vn/hoa-de/tom
c77e1bcd5e,7246af3c-d9b8-4919-afff-9b21ad3f8d93,tom,tôm,vn,hoa-de,camera,Trân,1778751697482,,,60,0,None,https://drive.google.com/file/d/1PLW-gMbUDw9J_xTVE5bXxbJiczkz_c5m/view,features/vn/hoa-de/class_tom_7246af3c/sample_c77e1bcd5e.npz,https://drive.google.com/file/d/1PLW-gMbUDw9J_xTVE5bXxbJiczkz_c5m/view,,2026-05-14T09:55:51.873119Z,c77e1bcd5e,4,class_tom_7246af3c,sample_c77e1bcd5e.npz,tom,vn/hoa-de/tom
822a8aeb10,7246af3c-d9b8-4919-afff-9b21ad3f8d93,tom,tôm,vn,hoa-de,camera,Trân,1778751697482,,,60,0,None,https://drive.google.com/file/d/15iNkQDgRIcQQLGGmY_dpu5R-TKcWQYV5/view,features/vn/hoa-de/class_tom_7246af3c/sample_822a8aeb10.npz,https://drive.google.com/file/d/15iNkQDgRIcQQLGGmY_dpu5R-TKcWQYV5/view,,2026-05-14T09:53:29.024582Z,822a8aeb10,4,class_tom_7246af3c,sample_822a8aeb10.npz,tom,vn/hoa-de/tom
ba5e15aec4,7246af3c-d9b8-4919-afff-9b21ad3f8d93,tom,tôm,vn,hoa-de,camera,Minh,1778822273309,,,60,0,None,https://drive.google.com/file/d/1u1ph8uJoK11g3OvFlKzxM46KNRkHbGk8/view,features/vn/hoa-de/class_tom_7246af3c/sample_ba5e15aec4.npz,https://drive.google.com/file/d/1u1ph8uJoK11g3OvFlKzxM46KNRkHbGk8/view,,2026-05-15T05:39:09.077591Z,ba5e15aec4,4,class_tom_7246af3c,sample_ba5e15aec4.npz,tom,vn/hoa-de/tom
50131f31d0,7246af3c-d9b8-4919-afff-9b21ad3f8d93,tom,tôm,vn,hoa-de,camera,Minh,1778754365813,,,60,0,None,https://drive.google.com/file/d/1E6GPn-SzOrfypUABCFu1nGemBKL9n9tB/view,features/vn/hoa-de/class_tom_7246af3c/sample_50131f31d0.npz,https://drive.google.com/file/d/1E6GPn-SzOrfypUABCFu1nGemBKL9n9tB/view,,2026-05-14T10:30:05.961145Z,50131f31d0,4,class_tom_7246af3c,sample_50131f31d0.npz,tom,vn/hoa-de/tom
4dd5b1ac7e,7246af3c-d9b8-4919-afff-9b21ad3f8d93,tom,tôm,vn,hoa-de,camera,Minh,1778822273309,,,60,0,None,https://drive.google.com/file/d/1Baxs3l-4rrPpxxv8AzYQKTuuPLp8sY9c/view,features/vn/hoa-de/class_tom_7246af3c/sample_4dd5b1ac7e.npz,https://drive.google.com/file/d/1Baxs3l-4rrPpxxv8AzYQKTuuPLp8sY9c/view,,2026-05-15T05:38:26.969203Z,4dd5b1ac7e,4,class_tom_7246af3c,sample_4dd5b1ac7e.npz,tom,vn/hoa-de/tom
d78451e7be,7246af3c-d9b8-4919-afff-9b21ad3f8d93,tom,tôm,vn,hoa-de,camera,Trân,1778751697482,,,60,0,None,https://drive.google.com/file/d/1aO0skyWJJ0b2OmSE0meUvMlDPSg1VOoB/view,features/vn/hoa-de/class_tom_7246af3c/sample_d78451e7be.npz,https://drive.google.com/file/d/1aO0skyWJJ0b2OmSE0meUvMlDPSg1VOoB/view,,2026-05-14T09:55:20.503806Z,d78451e7be,4,class_tom_7246af3c,sample_d78451e7be.npz,tom,vn/hoa-de/tom
41053fc775,7246af3c-d9b8-4919-afff-9b21ad3f8d93,tom,tôm,vn,hoa-de,camera,Trân,1778754365813,,,60,0,None,https://drive.google.com/file/d/187fk-SX1RnK6M_7io0di7ChFim4Pxanr/view,features/vn/hoa-de/class_tom_7246af3c/sample_41053fc775.npz,https://drive.google.com/file/d/187fk-SX1RnK6M_7io0di7ChFim4Pxanr/view,,2026-05-14T10:27:20.560015Z,41053fc775,4,class_tom_7246af3c,sample_41053fc775.npz,tom,vn/hoa-de/tom
a7ff397f8e,7246af3c-d9b8-4919-afff-9b21ad3f8d93,tom,tôm,vn,hoa-de,camera,Minh,1778822273309,,,60,0,None,https://drive.google.com/file/d/1z6syB7rLL0pSxkOHFHd4p5atXGh9MoUq/view,features/vn/hoa-de/class_tom_7246af3c/sample_a7ff397f8e.npz,https://drive.google.com/file/d/1z6syB7rLL0pSxkOHFHd4p5atXGh9MoUq/view,,2026-05-15T05:38:41.301117Z,a7ff397f8e,4,class_tom_7246af3c,sample_a7ff397f8e.npz,tom,vn/hoa-de/tom
0483cf64dc,7246af3c-d9b8-4919-afff-9b21ad3f8d93,tom,tôm,vn,hoa-de,camera,Trân,1778751697482,,,60,0,None,https://drive.google.com/file/d/1uM56i2VoC0473diNivbNdmFLiqgy5Skt/view,features/vn/hoa-de/class_tom_7246af3c/sample_0483cf64dc.npz,https://drive.google.com/file/d/1uM56i2VoC0473diNivbNdmFLiqgy5Skt/view,,2026-05-14T09:55:07.232720Z,0483cf64dc,4,class_tom_7246af3c,sample_0483cf64dc.npz,tom,vn/hoa-de/tom
f457fd63b7,7246af3c-d9b8-4919-afff-9b21ad3f8d93,tom,tôm,vn,hoa-de,camera,Trân,1778754365813,,,60,0,None,https://drive.google.com/file/d/1UCO2QfWxGZwt0pUoVnCFGVt6M4qI9D9F/view,features/vn/hoa-de/class_tom_7246af3c/sample_f457fd63b7.npz,https://drive.google.com/file/d/1UCO2QfWxGZwt0pUoVnCFGVt6M4qI9D9F/view,,2026-05-14T10:27:34.106150Z,f457fd63b7,4,class_tom_7246af3c,sample_f457fd63b7.npz,tom,vn/hoa-de/tom
7d4ba577a6,7246af3c-d9b8-4919-afff-9b21ad3f8d93,tom,tôm,vn,hoa-de,camera,Minh,1778754365813,,,60,0,None,https://drive.google.com/file/d/1Rz9W7Aufi7a9MAtWGvXJifs1EA1JC87t/view,features/vn/hoa-de/class_tom_7246af3c/sample_7d4ba577a6.npz,https://drive.google.com/file/d/1Rz9W7Aufi7a9MAtWGvXJifs1EA1JC87t/view,,2026-05-14T10:28:35.742423Z,7d4ba577a6,4,class_tom_7246af3c,sample_7d4ba577a6.npz,tom,vn/hoa-de/tom
9945cc3b5b,7246af3c-d9b8-4919-afff-9b21ad3f8d93,tom,tôm,vn,hoa-de,camera,Minh,1778754365813,,,60,0,None,https://drive.google.com/file/d/11CY28XSaEP29krLLOCwax3se7hFZIuB7/view,features/vn/hoa-de/class_tom_7246af3c/sample_9945cc3b5b.npz,https://drive.google.com/file/d/11CY28XSaEP29krLLOCwax3se7hFZIuB7/view,,2026-05-14T10:29:02.485487Z,9945cc3b5b,4,class_tom_7246af3c,sample_9945cc3b5b.npz,tom,vn/hoa-de/tom
115d9deffb,7246af3c-d9b8-4919-afff-9b21ad3f8d93,tom,tôm,vn,hoa-de,camera,Minh,1778754365813,,,60,0,None,https://drive.google.com/file/d/1PdB5gjbRciKwntAtrFsasTWFAJYsiLMS/view,features/vn/hoa-de/class_tom_7246af3c/sample_115d9deffb.npz,https://drive.google.com/file/d/1PdB5gjbRciKwntAtrFsasTWFAJYsiLMS/view,,2026-05-14T10:29:52.017081Z,115d9deffb,4,class_tom_7246af3c,sample_115d9deffb.npz,tom,vn/hoa-de/tom
e223a895f2,7246af3c-d9b8-4919-afff-9b21ad3f8d93,tom,tôm,vn,hoa-de,camera,Minh,1778754365813,,,60,0,None,https://drive.google.com/file/d/1X-cE4wHeTlIdmqSNKNSgylSUDZVK-xsx/view,features/vn/hoa-de/class_tom_7246af3c/sample_e223a895f2.npz,https://drive.google.com/file/d/1X-cE4wHeTlIdmqSNKNSgylSUDZVK-xsx/view,,2026-05-14T10:28:48.930287Z,e223a895f2,4,class_tom_7246af3c,sample_e223a895f2.npz,tom,vn/hoa-de/tom
eb9a7602cd,55dc73f1-ea11-47ba-b8af-ab93622d2245,lot-da-ca,lột da cá,vn,hoa-de,camera,Minh,1778753481107,,,60,0,None,https://drive.google.com/file/d/1cHDrKVzfoyv1pjZ-6SGstHC_Qpk5DuNE/view,features/vn/hoa-de/class_lot-da-ca_55dc73f1/sample_eb9a7602cd.npz,https://drive.google.com/file/d/1cHDrKVzfoyv1pjZ-6SGstHC_Qpk5DuNE/view,,2026-05-14T10:14:30.788580Z,eb9a7602cd,5,class_lot-da-ca_55dc73f1,sample_eb9a7602cd.npz,lot-da-ca,vn/hoa-de/lot-da-ca
25b81a30cb,55dc73f1-ea11-47ba-b8af-ab93622d2245,lot-da-ca,lột da cá,vn,hoa-de,camera,Minh,1778753481107,,,60,0,None,https://drive.google.com/file/d/1OEkY5LhKPgBwZPaHm6Zasx-XWtghp5Qi/view,features/vn/hoa-de/class_lot-da-ca_55dc73f1/sample_25b81a30cb.npz,https://drive.google.com/file/d/1OEkY5LhKPgBwZPaHm6Zasx-XWtghp5Qi/view,,2026-05-14T10:14:05.890413Z,25b81a30cb,5,class_lot-da-ca_55dc73f1,sample_25b81a30cb.npz,lot-da-ca,vn/hoa-de/lot-da-ca
7470fe30f7,55dc73f1-ea11-47ba-b8af-ab93622d2245,lot-da-ca,lột da cá,vn,hoa-de,camera,Trân,1778819521896,,,60,0,None,https://drive.google.com/file/d/1n45w87YdoSK_vANd2QkrOl8ibOQ1jFuI/view,features/vn/hoa-de/class_lot-da-ca_55dc73f1/sample_7470fe30f7.npz,https://drive.google.com/file/d/1n45w87YdoSK_vANd2QkrOl8ibOQ1jFuI/view,,2026-05-15T04:52:35.463407Z,7470fe30f7,5,class_lot-da-ca_55dc73f1,sample_7470fe30f7.npz,lot-da-ca,vn/hoa-de/lot-da-ca
985bd81319,55dc73f1-ea11-47ba-b8af-ab93622d2245,lot-da-ca,lột da cá,vn,hoa-de,camera,Minh,1778753481107,,,60,0,None,https://drive.google.com/file/d/1bYDnd_GVLwZH74D3QEDKwjIvn2Nw9DYn/view,features/vn/hoa-de/class_lot-da-ca_55dc73f1/sample_985bd81319.npz,https://drive.google.com/file/d/1bYDnd_GVLwZH74D3QEDKwjIvn2Nw9DYn/view,,2026-05-14T10:13:12.240726Z,985bd81319,5,class_lot-da-ca_55dc73f1,sample_985bd81319.npz,lot-da-ca,vn/hoa-de/lot-da-ca
e9c423084f,55dc73f1-ea11-47ba-b8af-ab93622d2245,lot-da-ca,lột da cá,vn,hoa-de,camera,Minh,1778753481107,,,60,0,None,https://drive.google.com/file/d/1vqI2ZUdJ7v5OEgXKW-VQ_pyW6uRQpFc8/view,features/vn/hoa-de/class_lot-da-ca_55dc73f1/sample_e9c423084f.npz,https://drive.google.com/file/d/1vqI2ZUdJ7v5OEgXKW-VQ_pyW6uRQpFc8/view,,2026-05-14T10:12:47.064199Z,e9c423084f,5,class_lot-da-ca_55dc73f1,sample_e9c423084f.npz,lot-da-ca,vn/hoa-de/lot-da-ca
89698f866e,55dc73f1-ea11-47ba-b8af-ab93622d2245,lot-da-ca,lột da cá,vn,hoa-de,camera,Minh,1778753481107,,,60,0,None,https://drive.google.com/file/d/1LfgHZYn7oVhI71LP2nRRNboEQuy_0QUa/view,features/vn/hoa-de/class_lot-da-ca_55dc73f1/sample_89698f866e.npz,https://drive.google.com/file/d/1LfgHZYn7oVhI71LP2nRRNboEQuy_0QUa/view,,2026-05-14T10:13:57.950010Z,89698f866e,5,class_lot-da-ca_55dc73f1,sample_89698f866e.npz,lot-da-ca,vn/hoa-de/lot-da-ca
dd9160882e,55dc73f1-ea11-47ba-b8af-ab93622d2245,lot-da-ca,lột da cá,vn,hoa-de,camera,Minh,1778753481107,,,60,0,None,https://drive.google.com/file/d/1Sb-ce32PB-NMxs0COVWnSSu0_ocKQsZ3/view,features/vn/hoa-de/class_lot-da-ca_55dc73f1/sample_dd9160882e.npz,https://drive.google.com/file/d/1Sb-ce32PB-NMxs0COVWnSSu0_ocKQsZ3/view,,2026-05-14T10:12:39.379740Z,dd9160882e,5,class_lot-da-ca_55dc73f1,sample_dd9160882e.npz,lot-da-ca,vn/hoa-de/lot-da-ca
2cfb12ceff,55dc73f1-ea11-47ba-b8af-ab93622d2245,lot-da-ca,lột da cá,vn,hoa-de,camera,Trân,1778862884506,,,60,0,None,https://drive.google.com/file/d/1GW2iBsTuVjaSV4jBTG7gBYU6iCiWry2y/view,features/vn/hoa-de/class_lot-da-ca_55dc73f1/sample_2cfb12ceff.npz,https://drive.google.com/file/d/1GW2iBsTuVjaSV4jBTG7gBYU6iCiWry2y/view,,2026-05-15T17:03:11.706589Z,2cfb12ceff,5,class_lot-da-ca_55dc73f1,sample_2cfb12ceff.npz,lot-da-ca,vn/hoa-de/lot-da-ca
bb996c0096,55dc73f1-ea11-47ba-b8af-ab93622d2245,lot-da-ca,lột da cá,vn,hoa-de,camera,Trân,1778819521896,,,60,0,None,https://drive.google.com/file/d/1IcD5AObOtHLoShABqR7ZBkUQPs4QDlZJ/view,features/vn/hoa-de/class_lot-da-ca_55dc73f1/sample_bb996c0096.npz,https://drive.google.com/file/d/1IcD5AObOtHLoShABqR7ZBkUQPs4QDlZJ/view,,2026-05-15T04:54:11.047419Z,bb996c0096,5,class_lot-da-ca_55dc73f1,sample_bb996c0096.npz,lot-da-ca,vn/hoa-de/lot-da-ca
8b2daa16ec,55dc73f1-ea11-47ba-b8af-ab93622d2245,lot-da-ca,lột da cá,vn,hoa-de,camera,Minh,1778753481107,,,60,0,None,https://drive.google.com/file/d/15ME3jHfCU-TwVFEeyJZSMf0bvEgZ1Tp3/view,features/vn/hoa-de/class_lot-da-ca_55dc73f1/sample_8b2daa16ec.npz,https://drive.google.com/file/d/15ME3jHfCU-TwVFEeyJZSMf0bvEgZ1Tp3/view,,2026-05-14T10:11:55.367236Z,8b2daa16ec,5,class_lot-da-ca_55dc73f1,sample_8b2daa16ec.npz,lot-da-ca,vn/hoa-de/lot-da-ca
9aa93ed10c,55dc73f1-ea11-47ba-b8af-ab93622d2245,lot-da-ca,lột da cá,vn,hoa-de,camera,Trân,1778862884506,,,60,0,None,https://drive.google.com/file/d/1ldWMI2iC1EeXCnX_opS38xBkuxpkgxrw/view,features/vn/hoa-de/class_lot-da-ca_55dc73f1/sample_9aa93ed10c.npz,https://drive.google.com/file/d/1ldWMI2iC1EeXCnX_opS38xBkuxpkgxrw/view,,2026-05-15T17:03:24.514752Z,9aa93ed10c,5,class_lot-da-ca_55dc73f1,sample_9aa93ed10c.npz,lot-da-ca,vn/hoa-de/lot-da-ca
519936eed8,55dc73f1-ea11-47ba-b8af-ab93622d2245,lot-da-ca,lột da cá,vn,hoa-de,camera,Trân,1778819521896,,,60,0,None,https://drive.google.com/file/d/1ISwudgMGF4Xh0GPj1SmlGTjv0Znrg0t8/view,features/vn/hoa-de/class_lot-da-ca_55dc73f1/sample_519936eed8.npz,https://drive.google.com/file/d/1ISwudgMGF4Xh0GPj1SmlGTjv0Znrg0t8/view,,2026-05-15T04:53:27.165635Z,519936eed8,5,class_lot-da-ca_55dc73f1,sample_519936eed8.npz,lot-da-ca,vn/hoa-de/lot-da-ca
f53821cea4,55dc73f1-ea11-47ba-b8af-ab93622d2245,lot-da-ca,lột da cá,vn,hoa-de,camera,Trân,1778862884506,,,60,0,None,https://drive.google.com/file/d/1N_DN2VVxQDnEstrZSJK-C8NlrzQ5iqVv/view,features/vn/hoa-de/class_lot-da-ca_55dc73f1/sample_f53821cea4.npz,https://drive.google.com/file/d/1N_DN2VVxQDnEstrZSJK-C8NlrzQ5iqVv/view,,2026-05-15T17:03:38.854750Z,f53821cea4,5,class_lot-da-ca_55dc73f1,sample_f53821cea4.npz,lot-da-ca,vn/hoa-de/lot-da-ca
961bab86f3,55dc73f1-ea11-47ba-b8af-ab93622d2245,lot-da-ca,lột da cá,vn,hoa-de,camera,Trân,1778862884506,,,60,0,None,https://drive.google.com/file/d/1Y-4oFuS7FvnLITAaYIf_tqeLE2ZtzoPr/view,features/vn/hoa-de/class_lot-da-ca_55dc73f1/sample_961bab86f3.npz,https://drive.google.com/file/d/1Y-4oFuS7FvnLITAaYIf_tqeLE2ZtzoPr/view,,2026-05-15T17:04:06.102633Z,961bab86f3,5,class_lot-da-ca_55dc73f1,sample_961bab86f3.npz,lot-da-ca,vn/hoa-de/lot-da-ca
e6dcee2a0e,55dc73f1-ea11-47ba-b8af-ab93622d2245,lot-da-ca,lột da cá,vn,hoa-de,camera,Trân,1778819521896,,,60,0,None,https://drive.google.com/file/d/1UzBdUZ1ASI_DkNKqdX7lt691-nsKeXXN/view,features/vn/hoa-de/class_lot-da-ca_55dc73f1/sample_e6dcee2a0e.npz,https://drive.google.com/file/d/1UzBdUZ1ASI_DkNKqdX7lt691-nsKeXXN/view,,2026-05-15T04:50:59.699107Z,e6dcee2a0e,5,class_lot-da-ca_55dc73f1,sample_e6dcee2a0e.npz,lot-da-ca,vn/hoa-de/lot-da-ca
ce57ba546e,55dc73f1-ea11-47ba-b8af-ab93622d2245,lot-da-ca,lột da cá,vn,hoa-de,camera,Minh,1778753481107,,,60,0,None,https://drive.google.com/file/d/1GZGS9NJ1Sj8h_AOKGqBjhaowstRAkZVf/view,features/vn/hoa-de/class_lot-da-ca_55dc73f1/sample_ce57ba546e.npz,https://drive.google.com/file/d/1GZGS9NJ1Sj8h_AOKGqBjhaowstRAkZVf/view,,2026-05-14T10:12:28.734768Z,ce57ba546e,5,class_lot-da-ca_55dc73f1,sample_ce57ba546e.npz,lot-da-ca,vn/hoa-de/lot-da-ca
f82f82d155,55dc73f1-ea11-47ba-b8af-ab93622d2245,lot-da-ca,lột da cá,vn,hoa-de,camera,Trân,1778819521896,,,60,0,None,https://drive.google.com/file/d/1VPljIiYA-ul7BfMNaVydUVMTDv2FPhlv/view,features/vn/hoa-de/class_lot-da-ca_55dc73f1/sample_f82f82d155.npz,https://drive.google.com/file/d/1VPljIiYA-ul7BfMNaVydUVMTDv2FPhlv/view,,2026-05-15T04:50:44.438094Z,f82f82d155,5,class_lot-da-ca_55dc73f1,sample_f82f82d155.npz,lot-da-ca,vn/hoa-de/lot-da-ca
0942dbce6f,55dc73f1-ea11-47ba-b8af-ab93622d2245,lot-da-ca,lột da cá,vn,hoa-de,camera,Trân,1778819521896,,,60,0,None,https://drive.google.com/file/d/136ryPW20vNdBKE7qBkwKWsSkOwFf4g9_/view,features/vn/hoa-de/class_lot-da-ca_55dc73f1/sample_0942dbce6f.npz,https://drive.google.com/file/d/136ryPW20vNdBKE7qBkwKWsSkOwFf4g9_/view,,2026-05-15T04:52:49.979875Z,0942dbce6f,5,class_lot-da-ca_55dc73f1,sample_0942dbce6f.npz,lot-da-ca,vn/hoa-de/lot-da-ca
944fbcc62d,55dc73f1-ea11-47ba-b8af-ab93622d2245,lot-da-ca,lột da cá,vn,hoa-de,camera,Minh,1778753481107,,,60,0,None,https://drive.google.com/file/d/1T3t7Nb9LjP_EaDSx9DIkPymcjFO8qDNY/view,features/vn/hoa-de/class_lot-da-ca_55dc73f1/sample_944fbcc62d.npz,https://drive.google.com/file/d/1T3t7Nb9LjP_EaDSx9DIkPymcjFO8qDNY/view,,2026-05-14T10:12:11.574020Z,944fbcc62d,5,class_lot-da-ca_55dc73f1,sample_944fbcc62d.npz,lot-da-ca,vn/hoa-de/lot-da-ca
b90bb52bb9,55dc73f1-ea11-47ba-b8af-ab93622d2245,lot-da-ca,lột da cá,vn,hoa-de,camera,Minh,1778753481107,,,60,0,None,https://drive.google.com/file/d/1WNFs4Q7JdhkSU1_sHzKpd-agzEiInKZQ/view,features/vn/hoa-de/class_lot-da-ca_55dc73f1/sample_b90bb52bb9.npz,https://drive.google.com/file/d/1WNFs4Q7JdhkSU1_sHzKpd-agzEiInKZQ/view,,2026-05-14T10:12:03.009696Z,b90bb52bb9,5,class_lot-da-ca_55dc73f1,sample_b90bb52bb9.npz,lot-da-ca,vn/hoa-de/lot-da-ca
104d1c6cfe,55dc73f1-ea11-47ba-b8af-ab93622d2245,lot-da-ca,lột da cá,vn,hoa-de,camera,Trân,1778819521896,,,60,0,None,https://drive.google.com/file/d/1wdvk8ZvyRNOYYGqnXISTK5Dz6cBMpMPv/view,features/vn/hoa-de/class_lot-da-ca_55dc73f1/sample_104d1c6cfe.npz,https://drive.google.com/file/d/1wdvk8ZvyRNOYYGqnXISTK5Dz6cBMpMPv/view,,2026-05-15T04:52:06.133200Z,104d1c6cfe,5,class_lot-da-ca_55dc73f1,sample_104d1c6cfe.npz,lot-da-ca,vn/hoa-de/lot-da-ca
ae63ee3e97,55dc73f1-ea11-47ba-b8af-ab93622d2245,lot-da-ca,lột da cá,vn,hoa-de,camera,Minh,1778753481107,,,60,0,None,https://drive.google.com/file/d/1lX0NcG-cYutdP60Y6eEFBjnQImhRiNUd/view,features/vn/hoa-de/class_lot-da-ca_55dc73f1/sample_ae63ee3e97.npz,https://drive.google.com/file/d/1lX0NcG-cYutdP60Y6eEFBjnQImhRiNUd/view,,2026-05-14T10:13:03.426758Z,ae63ee3e97,5,class_lot-da-ca_55dc73f1,sample_ae63ee3e97.npz,lot-da-ca,vn/hoa-de/lot-da-ca
acea50d88d,de9eb6e1-a189-4f37-9888-8fea922de54c,lot-vo-tom,lột vỏ tôm,vn,hoa-de,camera,Minh,1778753481107,,,60,0,None,https://drive.google.com/file/d/1i9rDRdDNzEJ--F9dIXEMTN-ePG1u40MY/view,features/vn/hoa-de/class_lot-vo-tom_de9eb6e1/sample_acea50d88d.npz,https://drive.google.com/file/d/1i9rDRdDNzEJ--F9dIXEMTN-ePG1u40MY/view,,2026-05-14T10:20:59.838155Z,acea50d88d,6,class_lot-vo-tom_de9eb6e1,sample_acea50d88d.npz,lot-vo-tom,vn/hoa-de/lot-vo-tom
8b675a3ff1,de9eb6e1-a189-4f37-9888-8fea922de54c,lot-vo-tom,lột vỏ tôm,vn,hoa-de,camera,Minh,1778753481107,,,60,0,None,https://drive.google.com/file/d/1XrWTmlgQn8n2eLXQFac10KJuqqgrkH9M/view,features/vn/hoa-de/class_lot-vo-tom_de9eb6e1/sample_8b675a3ff1.npz,https://drive.google.com/file/d/1XrWTmlgQn8n2eLXQFac10KJuqqgrkH9M/view,,2026-05-14T10:19:12.381563Z,8b675a3ff1,6,class_lot-vo-tom_de9eb6e1,sample_8b675a3ff1.npz,lot-vo-tom,vn/hoa-de/lot-vo-tom
6a3136ec32,de9eb6e1-a189-4f37-9888-8fea922de54c,lot-vo-tom,lột vỏ tôm,vn,hoa-de,camera,Trân,1778819521896,,,60,0,None,https://drive.google.com/file/d/1KITlWBj72PEC1jsyD5NV5AzmYkIFhnW3/view,features/vn/hoa-de/class_lot-vo-tom_de9eb6e1/sample_6a3136ec32.npz,https://drive.google.com/file/d/1KITlWBj72PEC1jsyD5NV5AzmYkIFhnW3/view,,2026-05-15T04:55:35.743759Z,6a3136ec32,6,class_lot-vo-tom_de9eb6e1,sample_6a3136ec32.npz,lot-vo-tom,vn/hoa-de/lot-vo-tom
d06ecb20eb,de9eb6e1-a189-4f37-9888-8fea922de54c,lot-vo-tom,lột vỏ tôm,vn,hoa-de,camera,Trân,1778819521896,,,60,0,None,https://drive.google.com/file/d/1QVDHyL4FCFbv82ktHGgnQ4hVxicTr9IR/view,features/vn/hoa-de/class_lot-vo-tom_de9eb6e1/sample_d06ecb20eb.npz,https://drive.google.com/file/d/1QVDHyL4FCFbv82ktHGgnQ4hVxicTr9IR/view,,2026-05-15T04:55:06.825750Z,d06ecb20eb,6,class_lot-vo-tom_de9eb6e1,sample_d06ecb20eb.npz,lot-vo-tom,vn/hoa-de/lot-vo-tom
c6809c014d,de9eb6e1-a189-4f37-9888-8fea922de54c,lot-vo-tom,lột vỏ tôm,vn,hoa-de,camera,Minh,1778753481107,,,60,0,None,https://drive.google.com/file/d/17zkgcAKxhFDml8yE-WX1a4mzEDVpj_XP/view,features/vn/hoa-de/class_lot-vo-tom_de9eb6e1/sample_c6809c014d.npz,https://drive.google.com/file/d/17zkgcAKxhFDml8yE-WX1a4mzEDVpj_XP/view,,2026-05-14T10:19:58.753269Z,c6809c014d,6,class_lot-vo-tom_de9eb6e1,sample_c6809c014d.npz,lot-vo-tom,vn/hoa-de/lot-vo-tom
4c3b8b5f81,de9eb6e1-a189-4f37-9888-8fea922de54c,lot-vo-tom,lột vỏ tôm,vn,hoa-de,camera,Minh,1778753481107,,,60,0,None,https://drive.google.com/file/d/1XEjBWTUkrDOZzUZwoy0eA0Pk72ZFYsl4/view,features/vn/hoa-de/class_lot-vo-tom_de9eb6e1/sample_4c3b8b5f81.npz,https://drive.google.com/file/d/1XEjBWTUkrDOZzUZwoy0eA0Pk72ZFYsl4/view,,2026-05-14T10:19:20.118329Z,4c3b8b5f81,6,class_lot-vo-tom_de9eb6e1,sample_4c3b8b5f81.npz,lot-vo-tom,vn/hoa-de/lot-vo-tom
468e6d5657,de9eb6e1-a189-4f37-9888-8fea922de54c,lot-vo-tom,lột vỏ tôm,vn,hoa-de,camera,Trân,1778819521896,,,60,0,None,https://drive.google.com/file/d/1PWLXcB4oMYAkndgl5YO3vGSBWiATbn4l/view,features/vn/hoa-de/class_lot-vo-tom_de9eb6e1/sample_468e6d5657.npz,https://drive.google.com/file/d/1PWLXcB4oMYAkndgl5YO3vGSBWiATbn4l/view,,2026-05-15T04:55:22.937684Z,468e6d5657,6,class_lot-vo-tom_de9eb6e1,sample_468e6d5657.npz,lot-vo-tom,vn/hoa-de/lot-vo-tom
73092e1c73,de9eb6e1-a189-4f37-9888-8fea922de54c,lot-vo-tom,lột vỏ tôm,vn,hoa-de,camera,Minh,1778753481107,,,60,0,None,https://drive.google.com/file/d/1-VXZs4U29QxtNKxqODMYvwNS4eliE1II/view,features/vn/hoa-de/class_lot-vo-tom_de9eb6e1/sample_73092e1c73.npz,https://drive.google.com/file/d/1-VXZs4U29QxtNKxqODMYvwNS4eliE1II/view,,2026-05-14T10:18:56.826525Z,73092e1c73,6,class_lot-vo-tom_de9eb6e1,sample_73092e1c73.npz,lot-vo-tom,vn/hoa-de/lot-vo-tom
ab0e1b3244,de9eb6e1-a189-4f37-9888-8fea922de54c,lot-vo-tom,lột vỏ tôm,vn,hoa-de,camera,Minh,1778753481107,,,60,0,None,https://drive.google.com/file/d/1Yo4hQUBJaitsxLfK8_tXZUQWzDWIKzLq/view,features/vn/hoa-de/class_lot-vo-tom_de9eb6e1/sample_ab0e1b3244.npz,https://drive.google.com/file/d/1Yo4hQUBJaitsxLfK8_tXZUQWzDWIKzLq/view,,2026-05-14T10:19:04.409532Z,ab0e1b3244,6,class_lot-vo-tom_de9eb6e1,sample_ab0e1b3244.npz,lot-vo-tom,vn/hoa-de/lot-vo-tom
e319a9e01e,de9eb6e1-a189-4f37-9888-8fea922de54c,lot-vo-tom,lột vỏ tôm,vn,hoa-de,camera,Trân,1778819521896,,,60,0,None,https://drive.google.com/file/d/13HN_3vEagYIQGK6VvS5hKe76h0IY8MKk/view,features/vn/hoa-de/class_lot-vo-tom_de9eb6e1/sample_e319a9e01e.npz,https://drive.google.com/file/d/13HN_3vEagYIQGK6VvS5hKe76h0IY8MKk/view,,2026-05-15T04:59:52.719371Z,e319a9e01e,6,class_lot-vo-tom_de9eb6e1,sample_e319a9e01e.npz,lot-vo-tom,vn/hoa-de/lot-vo-tom
740cdd3bc9,de9eb6e1-a189-4f37-9888-8fea922de54c,lot-vo-tom,lột vỏ tôm,vn,hoa-de,camera,Trân,1778819521896,,,60,0,None,https://drive.google.com/file/d/1cETAza7RU_-g2wP6pz-m7Q89PtcnVcnP/view,features/vn/hoa-de/class_lot-vo-tom_de9eb6e1/sample_740cdd3bc9.npz,https://drive.google.com/file/d/1cETAza7RU_-g2wP6pz-m7Q89PtcnVcnP/view,,2026-05-15T04:59:38.073152Z,740cdd3bc9,6,class_lot-vo-tom_de9eb6e1,sample_740cdd3bc9.npz,lot-vo-tom,vn/hoa-de/lot-vo-tom
c44be7aaea,de9eb6e1-a189-4f37-9888-8fea922de54c,lot-vo-tom,lột vỏ tôm,vn,hoa-de,camera,Trân,1778819521896,,,60,0,None,https://drive.google.com/file/d/1K8mOm3d24vYg--An2troCB9ErQNK8PtT/view,features/vn/hoa-de/class_lot-vo-tom_de9eb6e1/sample_c44be7aaea.npz,https://drive.google.com/file/d/1K8mOm3d24vYg--An2troCB9ErQNK8PtT/view,,2026-05-15T05:00:21.921090Z,c44be7aaea,6,class_lot-vo-tom_de9eb6e1,sample_c44be7aaea.npz,lot-vo-tom,vn/hoa-de/lot-vo-tom
159d1dba4e,de9eb6e1-a189-4f37-9888-8fea922de54c,lot-vo-tom,lột vỏ tôm,vn,hoa-de,camera,Trân,1778819521896,,,60,0,None,https://drive.google.com/file/d/16S2-sR5Zi7GAwAQoXEjwVg4_vJqg3aCh/view,features/vn/hoa-de/class_lot-vo-tom_de9eb6e1/sample_159d1dba4e.npz,https://drive.google.com/file/d/16S2-sR5Zi7GAwAQoXEjwVg4_vJqg3aCh/view,,2026-05-15T04:54:37.284988Z,159d1dba4e,6,class_lot-vo-tom_de9eb6e1,sample_159d1dba4e.npz,lot-vo-tom,vn/hoa-de/lot-vo-tom
a140b76ec7,de9eb6e1-a189-4f37-9888-8fea922de54c,lot-vo-tom,lột vỏ tôm,vn,hoa-de,camera,Minh,1778753481107,,,60,0,None,https://drive.google.com/file/d/1CSIXRaMnkFcdVUdNbIV6sbA-gOc6JNww/view,features/vn/hoa-de/class_lot-vo-tom_de9eb6e1/sample_a140b76ec7.npz,https://drive.google.com/file/d/1CSIXRaMnkFcdVUdNbIV6sbA-gOc6JNww/view,,2026-05-14T10:20:14.509800Z,a140b76ec7,6,class_lot-vo-tom_de9eb6e1,sample_a140b76ec7.npz,lot-vo-tom,vn/hoa-de/lot-vo-tom
e829183adf,de9eb6e1-a189-4f37-9888-8fea922de54c,lot-vo-tom,lột vỏ tôm,vn,hoa-de,camera,Minh,1778753481107,,,60,0,None,https://drive.google.com/file/d/1vo5NIDO3cgKlj-zDcJsMwgFduPXW6UKP/view,features/vn/hoa-de/class_lot-vo-tom_de9eb6e1/sample_e829183adf.npz,https://drive.google.com/file/d/1vo5NIDO3cgKlj-zDcJsMwgFduPXW6UKP/view,,2026-05-14T10:20:44.239617Z,e829183adf,6,class_lot-vo-tom_de9eb6e1,sample_e829183adf.npz,lot-vo-tom,vn/hoa-de/lot-vo-tom
9186590a1f,de9eb6e1-a189-4f37-9888-8fea922de54c,lot-vo-tom,lột vỏ tôm,vn,hoa-de,camera,Minh,1778753481107,,,60,0,None,https://drive.google.com/file/d/1tpL6t4abyfGVhxqT0gvFOlO5MOBXoRnM/view,features/vn/hoa-de/class_lot-vo-tom_de9eb6e1/sample_9186590a1f.npz,https://drive.google.com/file/d/1tpL6t4abyfGVhxqT0gvFOlO5MOBXoRnM/view,,2026-05-14T10:19:27.910562Z,9186590a1f,6,class_lot-vo-tom_de9eb6e1,sample_9186590a1f.npz,lot-vo-tom,vn/hoa-de/lot-vo-tom
2016761099,de9eb6e1-a189-4f37-9888-8fea922de54c,lot-vo-tom,lột vỏ tôm,vn,hoa-de,camera,Minh,1778753481107,,,60,0,None,https://drive.google.com/file/d/1zJmcX5c9UmbIcD5YLtm3ELZyDdeMMzA4/view,features/vn/hoa-de/class_lot-vo-tom_de9eb6e1/sample_2016761099.npz,https://drive.google.com/file/d/1zJmcX5c9UmbIcD5YLtm3ELZyDdeMMzA4/view,,2026-05-14T10:20:36.219887Z,2016761099,6,class_lot-vo-tom_de9eb6e1,sample_2016761099.npz,lot-vo-tom,vn/hoa-de/lot-vo-tom
f0fbba3c5f,de9eb6e1-a189-4f37-9888-8fea922de54c,lot-vo-tom,lột vỏ tôm,vn,hoa-de,camera,Trân,1778819521896,,,60,0,None,https://drive.google.com/file/d/1Fnwr5cgfQrMwJzRi5mQXTVFquvwjd-2S/view,features/vn/hoa-de/class_lot-vo-tom_de9eb6e1/sample_f0fbba3c5f.npz,https://drive.google.com/file/d/1Fnwr5cgfQrMwJzRi5mQXTVFquvwjd-2S/view,,2026-05-15T05:00:07.194637Z,f0fbba3c5f,6,class_lot-vo-tom_de9eb6e1,sample_f0fbba3c5f.npz,lot-vo-tom,vn/hoa-de/lot-vo-tom
a0339b8940,cab3132f-742c-4b7a-a2dc-be79e1c1de15,cat-ky,Cắt kỳ,vn,hoa-de,camera,Trân,1778819521896,,,60,0,None,https://drive.google.com/file/d/1-S3XU9AA5DSih9pTqFL4s2dhCwofCd-x/view,features/vn/hoa-de/class_cat-ky_cab3132f/sample_a0339b8940.npz,https://drive.google.com/file/d/1-S3XU9AA5DSih9pTqFL4s2dhCwofCd-x/view,,2026-05-15T04:46:15.661188Z,a0339b8940,8,class_cat-ky_cab3132f,sample_a0339b8940.npz,cat-ky,vn/hoa-de/cat-ky
8aa5e1539a,cab3132f-742c-4b7a-a2dc-be79e1c1de15,cat-ky,Cắt kỳ,vn,hoa-de,camera,Trân,1778819521896,,,60,0,None,https://drive.google.com/file/d/1jxQfOyE5NqU4PyFDGkATtAxyjyyqAK-E/view,features/vn/hoa-de/class_cat-ky_cab3132f/sample_8aa5e1539a.npz,https://drive.google.com/file/d/1jxQfOyE5NqU4PyFDGkATtAxyjyyqAK-E/view,,2026-05-15T04:45:45.212581Z,8aa5e1539a,8,class_cat-ky_cab3132f,sample_8aa5e1539a.npz,cat-ky,vn/hoa-de/cat-ky
67b8fc909a,cab3132f-742c-4b7a-a2dc-be79e1c1de15,cat-ky,Cắt kỳ,vn,hoa-de,camera,Minh,1778757542819,,,60,0,None,https://drive.google.com/file/d/1Vo3CEcaooGICTmQiWWrDJgswwxG0t__G/view,features/vn/hoa-de/class_cat-ky_cab3132f/sample_67b8fc909a.npz,https://drive.google.com/file/d/1Vo3CEcaooGICTmQiWWrDJgswwxG0t__G/view,,2026-05-14T11:20:10.065630Z,67b8fc909a,8,class_cat-ky_cab3132f,sample_67b8fc909a.npz,cat-ky,vn/hoa-de/cat-ky
e289a92ace,cab3132f-742c-4b7a-a2dc-be79e1c1de15,cat-ky,Cắt kỳ,vn,hoa-de,camera,Trân,1778819521896,,,60,0,None,https://drive.google.com/file/d/1dabd4jAO6dCsva8Ib1Vkt5g_gorov4N4/view,features/vn/hoa-de/class_cat-ky_cab3132f/sample_e289a92ace.npz,https://drive.google.com/file/d/1dabd4jAO6dCsva8Ib1Vkt5g_gorov4N4/view,,2026-05-15T04:47:32.340835Z,e289a92ace,8,class_cat-ky_cab3132f,sample_e289a92ace.npz,cat-ky,vn/hoa-de/cat-ky
d53d9b7caa,cab3132f-742c-4b7a-a2dc-be79e1c1de15,cat-ky,Cắt kỳ,vn,hoa-de,camera,Trân,1778819521896,,,60,0,None,https://drive.google.com/file/d/1n9kM6A_0HZ5a19wOkypiMxvZuC_PTDCc/view,features/vn/hoa-de/class_cat-ky_cab3132f/sample_d53d9b7caa.npz,https://drive.google.com/file/d/1n9kM6A_0HZ5a19wOkypiMxvZuC_PTDCc/view,,2026-05-15T04:44:23.741098Z,d53d9b7caa,8,class_cat-ky_cab3132f,sample_d53d9b7caa.npz,cat-ky,vn/hoa-de/cat-ky
46d0932b43,cab3132f-742c-4b7a-a2dc-be79e1c1de15,cat-ky,Cắt kỳ,vn,hoa-de,camera,Minh,1778757542819,,,60,0,None,https://drive.google.com/file/d/14w00OBVizl5IN3vu7HkGi_JujoxI2SEU/view,features/vn/hoa-de/class_cat-ky_cab3132f/sample_46d0932b43.npz,https://drive.google.com/file/d/14w00OBVizl5IN3vu7HkGi_JujoxI2SEU/view,,2026-05-14T11:22:46.920357Z,46d0932b43,8,class_cat-ky_cab3132f,sample_46d0932b43.npz,cat-ky,vn/hoa-de/cat-ky
329a6ddb17,cab3132f-742c-4b7a-a2dc-be79e1c1de15,cat-ky,Cắt kỳ,vn,hoa-de,camera,Trân,1778819521896,,,60,0,None,https://drive.google.com/file/d/183Tv-en2J_VnIEjDEp23iCcgw406OuCC/view,features/vn/hoa-de/class_cat-ky_cab3132f/sample_329a6ddb17.npz,https://drive.google.com/file/d/183Tv-en2J_VnIEjDEp23iCcgw406OuCC/view,,2026-05-15T04:48:34.920740Z,329a6ddb17,8,class_cat-ky_cab3132f,sample_329a6ddb17.npz,cat-ky,vn/hoa-de/cat-ky
6ee2008203,cab3132f-742c-4b7a-a2dc-be79e1c1de15,cat-ky,Cắt kỳ,vn,hoa-de,camera,Trân,1778819521896,,,60,0,None,https://drive.google.com/file/d/1DWYKIZd4-f_VJJE1lqHYOt_hneBbdLYW/view,features/vn/hoa-de/class_cat-ky_cab3132f/sample_6ee2008203.npz,https://drive.google.com/file/d/1DWYKIZd4-f_VJJE1lqHYOt_hneBbdLYW/view,,2026-05-15T04:43:39.413864Z,6ee2008203,8,class_cat-ky_cab3132f,sample_6ee2008203.npz,cat-ky,vn/hoa-de/cat-ky
9740e050b9,cab3132f-742c-4b7a-a2dc-be79e1c1de15,cat-ky,Cắt kỳ,vn,hoa-de,camera,Minh,1778757542819,,,60,0,None,https://drive.google.com/file/d/1LxzhOW4V-FeRgn811ucvUj8wHg2WWvu4/view,features/vn/hoa-de/class_cat-ky_cab3132f/sample_9740e050b9.npz,https://drive.google.com/file/d/1LxzhOW4V-FeRgn811ucvUj8wHg2WWvu4/view,,2026-05-14T11:20:26.710153Z,9740e050b9,8,class_cat-ky_cab3132f,sample_9740e050b9.npz,cat-ky,vn/hoa-de/cat-ky
e904dd0326,cab3132f-742c-4b7a-a2dc-be79e1c1de15,cat-ky,Cắt kỳ,vn,hoa-de,camera,Trân,1778819521896,,,60,0,None,https://drive.google.com/file/d/1HfAMV4uLJGloHNyw3DLMzUBYnHC1Jwyw/view,features/vn/hoa-de/class_cat-ky_cab3132f/sample_e904dd0326.npz,https://drive.google.com/file/d/1HfAMV4uLJGloHNyw3DLMzUBYnHC1Jwyw/view,,2026-05-15T04:48:20.316289Z,e904dd0326,8,class_cat-ky_cab3132f,sample_e904dd0326.npz,cat-ky,vn/hoa-de/cat-ky
77e873aa72,cab3132f-742c-4b7a-a2dc-be79e1c1de15,cat-ky,Cắt kỳ,vn,hoa-de,camera,Trân,1778819521896,,,60,0,None,https://drive.google.com/file/d/1ZuZuDInc0S8qCtLWIcKuwDuVY_njsTAd/view,features/vn/hoa-de/class_cat-ky_cab3132f/sample_77e873aa72.npz,https://drive.google.com/file/d/1ZuZuDInc0S8qCtLWIcKuwDuVY_njsTAd/view,,2026-05-15T04:46:00.346215Z,77e873aa72,8,class_cat-ky_cab3132f,sample_77e873aa72.npz,cat-ky,vn/hoa-de/cat-ky
bbfd33cd43,cab3132f-742c-4b7a-a2dc-be79e1c1de15,cat-ky,Cắt kỳ,vn,hoa-de,camera,Minh,1778757542819,,,60,0,None,https://drive.google.com/file/d/1gwstJycUcPIplPAikMeYz7K5btXv5_NJ/view,features/vn/hoa-de/class_cat-ky_cab3132f/sample_bbfd33cd43.npz,https://drive.google.com/file/d/1gwstJycUcPIplPAikMeYz7K5btXv5_NJ/view,,2026-05-14T11:23:11.366919Z,bbfd33cd43,8,class_cat-ky_cab3132f,sample_bbfd33cd43.npz,cat-ky,vn/hoa-de/cat-ky
0e2e98cd6b,cab3132f-742c-4b7a-a2dc-be79e1c1de15,cat-ky,Cắt kỳ,vn,hoa-de,camera,Minh,1778757542819,,,60,0,None,https://drive.google.com/file/d/1NrY6OyuP_QFb2Fc5VpF1goeeLJgK8Sc4/view,features/vn/hoa-de/class_cat-ky_cab3132f/sample_0e2e98cd6b.npz,https://drive.google.com/file/d/1NrY6OyuP_QFb2Fc5VpF1goeeLJgK8Sc4/view,,2026-05-14T11:23:02.024557Z,0e2e98cd6b,8,class_cat-ky_cab3132f,sample_0e2e98cd6b.npz,cat-ky,vn/hoa-de/cat-ky
951a19c882,cab3132f-742c-4b7a-a2dc-be79e1c1de15,cat-ky,Cắt kỳ,vn,hoa-de,camera,Minh,1778757542819,,,60,0,None,https://drive.google.com/file/d/1X-ci0PKZQT4wXKkN9tdZkXPzabLplQ4B/view,features/vn/hoa-de/class_cat-ky_cab3132f/sample_951a19c882.npz,https://drive.google.com/file/d/1X-ci0PKZQT4wXKkN9tdZkXPzabLplQ4B/view,,2026-05-14T11:20:17.973679Z,951a19c882,8,class_cat-ky_cab3132f,sample_951a19c882.npz,cat-ky,vn/hoa-de/cat-ky
f75917e288,cab3132f-742c-4b7a-a2dc-be79e1c1de15,cat-ky,Cắt kỳ,vn,hoa-de,camera,Minh,1778757542819,,,60,0,None,https://drive.google.com/file/d/1Isg7iePJxBpwaOEjejjkGj6qNhBcAvzY/view,features/vn/hoa-de/class_cat-ky_cab3132f/sample_f75917e288.npz,https://drive.google.com/file/d/1Isg7iePJxBpwaOEjejjkGj6qNhBcAvzY/view,,2026-05-14T11:20:35.709357Z,f75917e288,8,class_cat-ky_cab3132f,sample_f75917e288.npz,cat-ky,vn/hoa-de/cat-ky
9253f5d4f9,cab3132f-742c-4b7a-a2dc-be79e1c1de15,cat-ky,Cắt kỳ,vn,hoa-de,camera,Trân,1778819521896,,,60,0,None,https://drive.google.com/file/d/1O_eEMYlegqx8CrHK-O02ZVbuP5cvqmwD/view,features/vn/hoa-de/class_cat-ky_cab3132f/sample_9253f5d4f9.npz,https://drive.google.com/file/d/1O_eEMYlegqx8CrHK-O02ZVbuP5cvqmwD/view,,2026-05-15T04:43:54.347046Z,9253f5d4f9,8,class_cat-ky_cab3132f,sample_9253f5d4f9.npz,cat-ky,vn/hoa-de/cat-ky
1a991c9c51,cab3132f-742c-4b7a-a2dc-be79e1c1de15,cat-ky,Cắt kỳ,vn,hoa-de,camera,Trân,1778819521896,,,60,0,None,https://drive.google.com/file/d/1W4k1gC77bYk8KSWfTcuLnMuFKT1XU0XL/view,features/vn/hoa-de/class_cat-ky_cab3132f/sample_1a991c9c51.npz,https://drive.google.com/file/d/1W4k1gC77bYk8KSWfTcuLnMuFKT1XU0XL/view,,2026-05-15T04:46:44.907353Z,1a991c9c51,8,class_cat-ky_cab3132f,sample_1a991c9c51.npz,cat-ky,vn/hoa-de/cat-ky
f9f1c37fe0,cab3132f-742c-4b7a-a2dc-be79e1c1de15,cat-ky,Cắt kỳ,vn,hoa-de,camera,Trân,1778819521896,,,60,0,None,https://drive.google.com/file/d/1fP53gxPw-MUT2Hmd5wS8bJt1b1MtU2uF/view,features/vn/hoa-de/class_cat-ky_cab3132f/sample_f9f1c37fe0.npz,https://drive.google.com/file/d/1fP53gxPw-MUT2Hmd5wS8bJt1b1MtU2uF/view,,2026-05-15T04:44:38.867537Z,f9f1c37fe0,8,class_cat-ky_cab3132f,sample_f9f1c37fe0.npz,cat-ky,vn/hoa-de/cat-ky
94f0882841,f41e437d-453e-43a8-a6f3-9269f3d0d17d,danh-vay-ca,đánh vẩy cá,vn,hoa-de,camera,Trân,1778819521896,,,60,0,None,https://drive.google.com/file/d/1mhRqrJW8hLVy7GfzK_OjrmM5Wz7w_2OA/view,features/vn/hoa-de/class_danh-vay-ca_f41e437d/sample_94f0882841.npz,https://drive.google.com/file/d/1mhRqrJW8hLVy7GfzK_OjrmM5Wz7w_2OA/view,,2026-05-15T04:38:38.298067Z,94f0882841,25,class_danh-vay-ca_f41e437d,sample_94f0882841.npz,danh-vay-ca,vn/hoa-de/danh-vay-ca
7690373e04,f41e437d-453e-43a8-a6f3-9269f3d0d17d,danh-vay-ca,đánh vẩy cá,vn,hoa-de,camera,Minh,1778819521896,,,60,0,None,https://drive.google.com/file/d/1-cjOBaHivpQYY1cSsibUSssUtVft0eGO/view,features/vn/hoa-de/class_danh-vay-ca_f41e437d/sample_7690373e04.npz,https://drive.google.com/file/d/1-cjOBaHivpQYY1cSsibUSssUtVft0eGO/view,,2026-05-15T04:40:52.870184Z,7690373e04,25,class_danh-vay-ca_f41e437d,sample_7690373e04.npz,danh-vay-ca,vn/hoa-de/danh-vay-ca
57bc338148,f41e437d-453e-43a8-a6f3-9269f3d0d17d,danh-vay-ca,đánh vẩy cá,vn,hoa-de,camera,Trân,1778819521896,,,60,0,None,https://drive.google.com/file/d/1QriMuxbfzyALHpocNct1VlUV2BmSeNjt/view,features/vn/hoa-de/class_danh-vay-ca_f41e437d/sample_57bc338148.npz,https://drive.google.com/file/d/1QriMuxbfzyALHpocNct1VlUV2BmSeNjt/view,,2026-05-15T04:37:03.443546Z,57bc338148,25,class_danh-vay-ca_f41e437d,sample_57bc338148.npz,danh-vay-ca,vn/hoa-de/danh-vay-ca
a98fdda161,f41e437d-453e-43a8-a6f3-9269f3d0d17d,danh-vay-ca,đánh vẩy cá,vn,hoa-de,camera,Minh,1778819521896,,,60,0,None,https://drive.google.com/file/d/1smoRdfXdk8_C5Ei2WjTuzvczigJ4iXOr/view,features/vn/hoa-de/class_danh-vay-ca_f41e437d/sample_a98fdda161.npz,https://drive.google.com/file/d/1smoRdfXdk8_C5Ei2WjTuzvczigJ4iXOr/view,,2026-05-15T04:39:15.918007Z,a98fdda161,25,class_danh-vay-ca_f41e437d,sample_a98fdda161.npz,danh-vay-ca,vn/hoa-de/danh-vay-ca
9bfe15e6f4,f41e437d-453e-43a8-a6f3-9269f3d0d17d,danh-vay-ca,đánh vẩy cá,vn,hoa-de,camera,Trân,1778819521896,,,60,0,None,https://drive.google.com/file/d/1I0tuMC6pR9BwKdx4ze56ITqBvTWqqf03/view,features/vn/hoa-de/class_danh-vay-ca_f41e437d/sample_9bfe15e6f4.npz,https://drive.google.com/file/d/1I0tuMC6pR9BwKdx4ze56ITqBvTWqqf03/view,,2026-05-15T04:36:18.558174Z,9bfe15e6f4,25,class_danh-vay-ca_f41e437d,sample_9bfe15e6f4.npz,danh-vay-ca,vn/hoa-de/danh-vay-ca
484027cdd6,f41e437d-453e-43a8-a6f3-9269f3d0d17d,danh-vay-ca,đánh vẩy cá,vn,hoa-de,camera,Trân,1778819521896,,,60,0,None,https://drive.google.com/file/d/18hGAefVUnT8JL7sw7J9DfiATRTSznvoz/view,features/vn/hoa-de/class_danh-vay-ca_f41e437d/sample_484027cdd6.npz,https://drive.google.com/file/d/18hGAefVUnT8JL7sw7J9DfiATRTSznvoz/view,,2026-05-15T04:33:42.790875Z,484027cdd6,25,class_danh-vay-ca_f41e437d,sample_484027cdd6.npz,danh-vay-ca,vn/hoa-de/danh-vay-ca
446229a5aa,f41e437d-453e-43a8-a6f3-9269f3d0d17d,danh-vay-ca,đánh vẩy cá,vn,hoa-de,camera,Trân,1778819521896,,,60,0,None,https://drive.google.com/file/d/1U4TfE5mjLJl-bpdXqi89pcXozrN53fuS/view,features/vn/hoa-de/class_danh-vay-ca_f41e437d/sample_446229a5aa.npz,https://drive.google.com/file/d/1U4TfE5mjLJl-bpdXqi89pcXozrN53fuS/view,,2026-05-15T04:33:28.309887Z,446229a5aa,25,class_danh-vay-ca_f41e437d,sample_446229a5aa.npz,danh-vay-ca,vn/hoa-de/danh-vay-ca
5dce50156e,f41e437d-453e-43a8-a6f3-9269f3d0d17d,danh-vay-ca,đánh vẩy cá,vn,hoa-de,camera,Trân,1778819521896,,,60,0,None,https://drive.google.com/file/d/1srM3OFNyZ2Q2BJ_yW7n2IUlBA1c5IDiQ/view,features/vn/hoa-de/class_danh-vay-ca_f41e437d/sample_5dce50156e.npz,https://drive.google.com/file/d/1srM3OFNyZ2Q2BJ_yW7n2IUlBA1c5IDiQ/view,,2026-05-15T04:38:22.713509Z,5dce50156e,25,class_danh-vay-ca_f41e437d,sample_5dce50156e.npz,danh-vay-ca,vn/hoa-de/danh-vay-ca
90d9aed162,f41e437d-453e-43a8-a6f3-9269f3d0d17d,danh-vay-ca,đánh vẩy cá,vn,hoa-de,camera,Trân,1778819521896,,,60,0,None,https://drive.google.com/file/d/1QvvsNZekJMl3lbDwG46BW3M6KRwMqkOo/view,features/vn/hoa-de/class_danh-vay-ca_f41e437d/sample_90d9aed162.npz,https://drive.google.com/file/d/1QvvsNZekJMl3lbDwG46BW3M6KRwMqkOo/view,,2026-05-15T04:33:13.313402Z,90d9aed162,25,class_danh-vay-ca_f41e437d,sample_90d9aed162.npz,danh-vay-ca,vn/hoa-de/danh-vay-ca
cfaa9de061,f41e437d-453e-43a8-a6f3-9269f3d0d17d,danh-vay-ca,đánh vẩy cá,vn,hoa-de,camera,Minh,1778819521896,,,60,0,None,https://drive.google.com/file/d/1KhkVyMuvjjHRyRubhi5v06-0lP8rx53A/view,features/vn/hoa-de/class_danh-vay-ca_f41e437d/sample_cfaa9de061.npz,https://drive.google.com/file/d/1KhkVyMuvjjHRyRubhi5v06-0lP8rx53A/view,,2026-05-15T04:41:37.196275Z,cfaa9de061,25,class_danh-vay-ca_f41e437d,sample_cfaa9de061.npz,danh-vay-ca,vn/hoa-de/danh-vay-ca
6373e504ac,f41e437d-453e-43a8-a6f3-9269f3d0d17d,danh-vay-ca,đánh vẩy cá,vn,hoa-de,camera,Minh,1778819521896,,,60,0,None,https://drive.google.com/file/d/1jTcSxJa0d1oWTIqsxigfXe1oouK1JhcN/view,features/vn/hoa-de/class_danh-vay-ca_f41e437d/sample_6373e504ac.npz,https://drive.google.com/file/d/1jTcSxJa0d1oWTIqsxigfXe1oouK1JhcN/view,,2026-05-15T04:39:30.406216Z,6373e504ac,25,class_danh-vay-ca_f41e437d,sample_6373e504ac.npz,danh-vay-ca,vn/hoa-de/danh-vay-ca
98423549b8,f41e437d-453e-43a8-a6f3-9269f3d0d17d,danh-vay-ca,đánh vẩy cá,vn,hoa-de,camera,Minh,1778819521896,,,60,0,None,https://drive.google.com/file/d/1LkzEuT4CDWPo1fqHHYVd_8rBs4iN_Yc_/view,features/vn/hoa-de/class_danh-vay-ca_f41e437d/sample_98423549b8.npz,https://drive.google.com/file/d/1LkzEuT4CDWPo1fqHHYVd_8rBs4iN_Yc_/view,,2026-05-15T04:41:22.252812Z,98423549b8,25,class_danh-vay-ca_f41e437d,sample_98423549b8.npz,danh-vay-ca,vn/hoa-de/danh-vay-ca
1ba6d3aaa8,f41e437d-453e-43a8-a6f3-9269f3d0d17d,danh-vay-ca,đánh vẩy cá,vn,hoa-de,camera,Trân,1778819521896,,,60,0,None,https://drive.google.com/file/d/17lcbTV7dO9XC82PCopJ5WUdjJ6y6yVxN/view,features/vn/hoa-de/class_danh-vay-ca_f41e437d/sample_1ba6d3aaa8.npz,https://drive.google.com/file/d/17lcbTV7dO9XC82PCopJ5WUdjJ6y6yVxN/view,,2026-05-15T04:33:57.454808Z,1ba6d3aaa8,25,class_danh-vay-ca_f41e437d,sample_1ba6d3aaa8.npz,danh-vay-ca,vn/hoa-de/danh-vay-ca
8651e6f1bf,f41e437d-453e-43a8-a6f3-9269f3d0d17d,danh-vay-ca,đánh vẩy cá,vn,hoa-de,camera,Trân,1778819521896,,,60,0,None,https://drive.google.com/file/d/1Oo8XKbkam4ppSnJttkTxo81fd61xAG1E/view,features/vn/hoa-de/class_danh-vay-ca_f41e437d/sample_8651e6f1bf.npz,https://drive.google.com/file/d/1Oo8XKbkam4ppSnJttkTxo81fd61xAG1E/view,,2026-05-15T04:36:32.994858Z,8651e6f1bf,25,class_danh-vay-ca_f41e437d,sample_8651e6f1bf.npz,danh-vay-ca,vn/hoa-de/danh-vay-ca
dd1c174383,f41e437d-453e-43a8-a6f3-9269f3d0d17d,danh-vay-ca,đánh vẩy cá,vn,hoa-de,camera,Minh,1778819521896,,,60,0,None,https://drive.google.com/file/d/1ApXCPzGw07zwIaMqmL87-At0nQOrlKGA/view,features/vn/hoa-de/class_danh-vay-ca_f41e437d/sample_dd1c174383.npz,https://drive.google.com/file/d/1ApXCPzGw07zwIaMqmL87-At0nQOrlKGA/view,,2026-05-15T04:41:07.422502Z,dd1c174383,25,class_danh-vay-ca_f41e437d,sample_dd1c174383.npz,danh-vay-ca,vn/hoa-de/danh-vay-ca
84bcf45bbe,f41e437d-453e-43a8-a6f3-9269f3d0d17d,danh-vay-ca,đánh vẩy cá,vn,hoa-de,camera,Minh,1778819521896,,,60,0,None,https://drive.google.com/file/d/14aq5gabUzy9Dlq-GMLLLMQML0MHBiv8k/view,features/vn/hoa-de/class_danh-vay-ca_f41e437d/sample_84bcf45bbe.npz,https://drive.google.com/file/d/14aq5gabUzy9Dlq-GMLLLMQML0MHBiv8k/view,,2026-05-15T04:40:13.801651Z,84bcf45bbe,25,class_danh-vay-ca_f41e437d,sample_84bcf45bbe.npz,danh-vay-ca,vn/hoa-de/danh-vay-ca
2225829d60,f41e437d-453e-43a8-a6f3-9269f3d0d17d,danh-vay-ca,đánh vẩy cá,vn,hoa-de,camera,Trân,1778819521896,,,60,0,None,https://drive.google.com/file/d/1N5dDiJSQvJHxK-TEMVZOWd2wSF-1pLS6/view,features/vn/hoa-de/class_danh-vay-ca_f41e437d/sample_2225829d60.npz,https://drive.google.com/file/d/1N5dDiJSQvJHxK-TEMVZOWd2wSF-1pLS6/view,,2026-05-15T04:35:57.649998Z,2225829d60,25,class_danh-vay-ca_f41e437d,sample_2225829d60.npz,danh-vay-ca,vn/hoa-de/danh-vay-ca
e0d5334498,f41e437d-453e-43a8-a6f3-9269f3d0d17d,danh-vay-ca,đánh vẩy cá,vn,hoa-de,camera,Minh,1778819521896,,,60,0,None,https://drive.google.com/file/d/1uhB9rn3c5m_mysm1qlb-qlevSkuu6Wi6/view,features/vn/hoa-de/class_danh-vay-ca_f41e437d/sample_e0d5334498.npz,https://drive.google.com/file/d/1uhB9rn3c5m_mysm1qlb-qlevSkuu6Wi6/view,,2026-05-15T04:39:58.601093Z,e0d5334498,25,class_danh-vay-ca_f41e437d,sample_e0d5334498.npz,danh-vay-ca,vn/hoa-de/danh-vay-ca
affb45d210,ec69ab15-ccd3-4fbe-bbd8-ae1594b209b5,cat-dau-ca,cắt đầu cá,vn,hoa-de,camera,Trân,1778862884506,,,60,0,None,https://drive.google.com/file/d/18gVZ-2mvMkiCRcfIs5d3xhCF8YFBxFL6/view,features/vn/hoa-de/class_cat-dau-ca_ec69ab15/sample_affb45d210.npz,https://drive.google.com/file/d/18gVZ-2mvMkiCRcfIs5d3xhCF8YFBxFL6/view,,2026-05-15T16:45:01.592914Z,affb45d210,36,class_cat-dau-ca_ec69ab15,sample_affb45d210.npz,cat-dau-ca,vn/hoa-de/cat-dau-ca
8b5ee3c10b,ec69ab15-ccd3-4fbe-bbd8-ae1594b209b5,cat-dau-ca,cắt đầu cá,vn,hoa-de,camera,Trân,1778862884506,,,60,0,None,https://drive.google.com/file/d/1wihVaFAu319LCWu30R3tGNOendl6h8b3/view,features/vn/hoa-de/class_cat-dau-ca_ec69ab15/sample_8b5ee3c10b.npz,https://drive.google.com/file/d/1wihVaFAu319LCWu30R3tGNOendl6h8b3/view,,2026-05-15T16:44:08.030419Z,8b5ee3c10b,36,class_cat-dau-ca_ec69ab15,sample_8b5ee3c10b.npz,cat-dau-ca,vn/hoa-de/cat-dau-ca
4a0be32132,ec69ab15-ccd3-4fbe-bbd8-ae1594b209b5,cat-dau-ca,cắt đầu cá,vn,hoa-de,camera,Minh,1778862884506,,,60,0,None,https://drive.google.com/file/d/1M5QlGgU59XN2CgXF66eu3gMizWXVSzAq/view,features/vn/hoa-de/class_cat-dau-ca_ec69ab15/sample_4a0be32132.npz,https://drive.google.com/file/d/1M5QlGgU59XN2CgXF66eu3gMizWXVSzAq/view,,2026-05-15T16:47:33.266438Z,4a0be32132,36,class_cat-dau-ca_ec69ab15,sample_4a0be32132.npz,cat-dau-ca,vn/hoa-de/cat-dau-ca
c9b2fbb4d2,ec69ab15-ccd3-4fbe-bbd8-ae1594b209b5,cat-dau-ca,cắt đầu cá,vn,hoa-de,camera,Trân,1778862884506,,,60,0,None,https://drive.google.com/file/d/14RmZFEZ3rwTege3d-wkuiZZzC51a2rNU/view,features/vn/hoa-de/class_cat-dau-ca_ec69ab15/sample_c9b2fbb4d2.npz,https://drive.google.com/file/d/14RmZFEZ3rwTege3d-wkuiZZzC51a2rNU/view,,2026-05-15T16:43:05.933226Z,c9b2fbb4d2,36,class_cat-dau-ca_ec69ab15,sample_c9b2fbb4d2.npz,cat-dau-ca,vn/hoa-de/cat-dau-ca
c564c1bc2b,ec69ab15-ccd3-4fbe-bbd8-ae1594b209b5,cat-dau-ca,cắt đầu cá,vn,hoa-de,camera,Minh,1778862884506,,,60,0,None,https://drive.google.com/file/d/13Vtws7L8BzkH9aE0eLtGaSG11VsEtbQr/view,features/vn/hoa-de/class_cat-dau-ca_ec69ab15/sample_c564c1bc2b.npz,https://drive.google.com/file/d/13Vtws7L8BzkH9aE0eLtGaSG11VsEtbQr/view,,2026-05-15T16:48:05.983961Z,c564c1bc2b,36,class_cat-dau-ca_ec69ab15,sample_c564c1bc2b.npz,cat-dau-ca,vn/hoa-de/cat-dau-ca
30c2004f0d,ec69ab15-ccd3-4fbe-bbd8-ae1594b209b5,cat-dau-ca,cắt đầu cá,vn,hoa-de,camera,Trân,1778862884506,,,60,0,None,https://drive.google.com/file/d/1rnZ9BRpUua5at9O7xlfGk1KdZ8YQdhi5/view,features/vn/hoa-de/class_cat-dau-ca_ec69ab15/sample_30c2004f0d.npz,https://drive.google.com/file/d/1rnZ9BRpUua5at9O7xlfGk1KdZ8YQdhi5/view,,2026-05-15T16:46:00.443640Z,30c2004f0d,36,class_cat-dau-ca_ec69ab15,sample_30c2004f0d.npz,cat-dau-ca,vn/hoa-de/cat-dau-ca
23b3d1720b,ec69ab15-ccd3-4fbe-bbd8-ae1594b209b5,cat-dau-ca,cắt đầu cá,vn,hoa-de,camera,Trân,1778862884506,,,60,0,None,https://drive.google.com/file/d/1CvY1ANrBOSPWy76bXw25o5tAxWdQ4fbf/view,features/vn/hoa-de/class_cat-dau-ca_ec69ab15/sample_23b3d1720b.npz,https://drive.google.com/file/d/1CvY1ANrBOSPWy76bXw25o5tAxWdQ4fbf/view,,2026-05-15T16:44:48.230113Z,23b3d1720b,36,class_cat-dau-ca_ec69ab15,sample_23b3d1720b.npz,cat-dau-ca,vn/hoa-de/cat-dau-ca
58061184db,ec69ab15-ccd3-4fbe-bbd8-ae1594b209b5,cat-dau-ca,cắt đầu cá,vn,hoa-de,camera,Minh,1778862884506,,,60,0,None,https://drive.google.com/file/d/1M1iMw4DrNRNKmneUX869lyOvJ5vNR3YP/view,features/vn/hoa-de/class_cat-dau-ca_ec69ab15/sample_58061184db.npz,https://drive.google.com/file/d/1M1iMw4DrNRNKmneUX869lyOvJ5vNR3YP/view,,2026-05-15T16:47:52.147857Z,58061184db,36,class_cat-dau-ca_ec69ab15,sample_58061184db.npz,cat-dau-ca,vn/hoa-de/cat-dau-ca
abb17ae2db,ec69ab15-ccd3-4fbe-bbd8-ae1594b209b5,cat-dau-ca,cắt đầu cá,vn,hoa-de,camera,Minh,1778862884506,,,60,0,None,https://drive.google.com/file/d/1m2HOxAVIJt2sP8HgXoVS4TQFjhBW3JzA/view,features/vn/hoa-de/class_cat-dau-ca_ec69ab15/sample_abb17ae2db.npz,https://drive.google.com/file/d/1m2HOxAVIJt2sP8HgXoVS4TQFjhBW3JzA/view,,2026-05-15T16:46:39.136616Z,abb17ae2db,36,class_cat-dau-ca_ec69ab15,sample_abb17ae2db.npz,cat-dau-ca,vn/hoa-de/cat-dau-ca
e6db08decc,ec69ab15-ccd3-4fbe-bbd8-ae1594b209b5,cat-dau-ca,cắt đầu cá,vn,hoa-de,camera,Trân,1778862884506,,,60,0,None,https://drive.google.com/file/d/1BPSTg2A16VOkd-tXCYThyuD6fpSJckfE/view,features/vn/hoa-de/class_cat-dau-ca_ec69ab15/sample_e6db08decc.npz,https://drive.google.com/file/d/1BPSTg2A16VOkd-tXCYThyuD6fpSJckfE/view,,2026-05-15T16:43:33.536364Z,e6db08decc,36,class_cat-dau-ca_ec69ab15,sample_e6db08decc.npz,cat-dau-ca,vn/hoa-de/cat-dau-ca
5ec43fae66,ec69ab15-ccd3-4fbe-bbd8-ae1594b209b5,cat-dau-ca,cắt đầu cá,vn,hoa-de,camera,Minh,1778862884506,,,60,0,None,https://drive.google.com/file/d/1WFByg3ecVvFby3bYfCS0BhqbifxagLVS/view,features/vn/hoa-de/class_cat-dau-ca_ec69ab15/sample_5ec43fae66.npz,https://drive.google.com/file/d/1WFByg3ecVvFby3bYfCS0BhqbifxagLVS/view,,2026-05-15T16:47:19.882006Z,5ec43fae66,36,class_cat-dau-ca_ec69ab15,sample_5ec43fae66.npz,cat-dau-ca,vn/hoa-de/cat-dau-ca
b153ee8f89,ec69ab15-ccd3-4fbe-bbd8-ae1594b209b5,cat-dau-ca,cắt đầu cá,vn,hoa-de,camera,Trân,1778862884506,,,60,0,None,https://drive.google.com/file/d/1-MPiBHyu3TgZcenz2Pw--Psd1FGQJv2w/view,features/vn/hoa-de/class_cat-dau-ca_ec69ab15/sample_b153ee8f89.npz,https://drive.google.com/file/d/1-MPiBHyu3TgZcenz2Pw--Psd1FGQJv2w/view,,2026-05-15T16:42:52.171821Z,b153ee8f89,36,class_cat-dau-ca_ec69ab15,sample_b153ee8f89.npz,cat-dau-ca,vn/hoa-de/cat-dau-ca
02faa65203,ec69ab15-ccd3-4fbe-bbd8-ae1594b209b5,cat-dau-ca,cắt đầu cá,vn,hoa-de,camera,Trân,1778862884506,,,60,0,None,https://drive.google.com/file/d/1MhgtQWXxHCtP9rrMMxXcrycodbYqj--E/view,features/vn/hoa-de/class_cat-dau-ca_ec69ab15/sample_02faa65203.npz,https://drive.google.com/file/d/1MhgtQWXxHCtP9rrMMxXcrycodbYqj--E/view,,2026-05-15T16:43:47.354756Z,02faa65203,36,class_cat-dau-ca_ec69ab15,sample_02faa65203.npz,cat-dau-ca,vn/hoa-de/cat-dau-ca
91c661ee70,ec69ab15-ccd3-4fbe-bbd8-ae1594b209b5,cat-dau-ca,cắt đầu cá,vn,hoa-de,camera,Trân,1778862884506,,,60,0,None,https://drive.google.com/file/d/1wh_o-QmHF_phnemkejbseDp6eHzFiuUV/view,features/vn/hoa-de/class_cat-dau-ca_ec69ab15/sample_91c661ee70.npz,https://drive.google.com/file/d/1wh_o-QmHF_phnemkejbseDp6eHzFiuUV/view,,2026-05-15T16:45:47.319199Z,91c661ee70,36,class_cat-dau-ca_ec69ab15,sample_91c661ee70.npz,cat-dau-ca,vn/hoa-de/cat-dau-ca
eddbef3197,ec69ab15-ccd3-4fbe-bbd8-ae1594b209b5,cat-dau-ca,cắt đầu cá,vn,hoa-de,camera,Trân,1778862884506,,,60,0,None,https://drive.google.com/file/d/1Xqu2RyOm8TbWMmXNwMs5flD82U_47lOY/view,features/vn/hoa-de/class_cat-dau-ca_ec69ab15/sample_eddbef3197.npz,https://drive.google.com/file/d/1Xqu2RyOm8TbWMmXNwMs5flD82U_47lOY/view,,2026-05-15T16:44:34.905196Z,eddbef3197,36,class_cat-dau-ca_ec69ab15,sample_eddbef3197.npz,cat-dau-ca,vn/hoa-de/cat-dau-ca
8ce983a954,ec69ab15-ccd3-4fbe-bbd8-ae1594b209b5,cat-dau-ca,cắt đầu cá,vn,hoa-de,camera,Trân,1778862884506,,,60,0,None,https://drive.google.com/file/d/1JD0chOhYGJqzRsWsegMv-1SJkL2VdWuR/view,features/vn/hoa-de/class_cat-dau-ca_ec69ab15/sample_8ce983a954.npz,https://drive.google.com/file/d/1JD0chOhYGJqzRsWsegMv-1SJkL2VdWuR/view,,2026-05-15T16:45:33.869828Z,8ce983a954,36,class_cat-dau-ca_ec69ab15,sample_8ce983a954.npz,cat-dau-ca,vn/hoa-de/cat-dau-ca
085cddd819,ec69ab15-ccd3-4fbe-bbd8-ae1594b209b5,cat-dau-ca,cắt đầu cá,vn,hoa-de,camera,Trân,1778862884506,,,60,0,None,https://drive.google.com/file/d/1tq3hm2fF7qkey-2PWMDWWpikZiOTxCOl/view,features/vn/hoa-de/class_cat-dau-ca_ec69ab15/sample_085cddd819.npz,https://drive.google.com/file/d/1tq3hm2fF7qkey-2PWMDWWpikZiOTxCOl/view,,2026-05-15T16:46:13.720520Z,085cddd819,36,class_cat-dau-ca_ec69ab15,sample_085cddd819.npz,cat-dau-ca,vn/hoa-de/cat-dau-ca
eede2bb78a,ec69ab15-ccd3-4fbe-bbd8-ae1594b209b5,cat-dau-ca,cắt đầu cá,vn,hoa-de,camera,Minh,1778862884506,,,60,0,None,https://drive.google.com/file/d/1D1et5nceTM48sRniim2lMpeTBPX5RsmF/view,features/vn/hoa-de/class_cat-dau-ca_ec69ab15/sample_eede2bb78a.npz,https://drive.google.com/file/d/1D1et5nceTM48sRniim2lMpeTBPX5RsmF/view,,2026-05-15T16:46:52.869084Z,eede2bb78a,36,class_cat-dau-ca_ec69ab15,sample_eede2bb78a.npz,cat-dau-ca,vn/hoa-de/cat-dau-ca
