table_name,ordinal,column_name,data_type,nullable,column_default,is_pk,is_fk,identity,generated,description
api_keys,1,key_id,uuid,NO,"",PK,"","","",""
api_keys,2,tenant_id,text,NO,"","",FK,"","",""
api_keys,3,name,text,NO,''::text,"","","","",""
api_keys,4,prefix,text,NO,"","","","","",""
api_keys,5,key_hash,text,NO,"","","","","",""
api_keys,6,scopes,text,NO,'read'::text,"","","","",""
api_keys,7,created_by,uuid,YES,"","",FK,"","",""
api_keys,8,created_at,timestamp with time zone,NO,now(),"","","","",""
api_keys,9,last_used_at,timestamp with time zone,YES,"","","","","",""
api_keys,10,expires_at,timestamp with time zone,YES,"","","","","",""
api_keys,11,revoked_at,timestamp with time zone,YES,"","","","","",""
api_keys,12,revoked_by,uuid,YES,"","",FK,"","",""
audit_log,1,audit_id,bigint,NO,nextval('audit_log_audit_id_seq'::regclass),PK,"","","",""
audit_log,2,tenant_id,text,YES,"","",FK,"","",""
audit_log,3,actor_user_id,uuid,YES,"","",FK,"","",""
audit_log,4,actor_label,text,YES,"","","","","",""
audit_log,5,action,text,NO,"","","","","",""
audit_log,6,target_type,text,YES,"","","","","",""
audit_log,7,target_id,text,YES,"","","","","",""
audit_log,8,detail,jsonb,YES,"","","","","",""
audit_log,9,ip_hash,text,YES,"","","","","",""
audit_log,10,created_at,timestamp with time zone,NO,now(),"","","","",""
capture_sessions,1,capture_session_id,uuid,NO,"",PK,"","","",""
capture_sessions,2,tenant_id,text,NO,"","",FK,"","",""
capture_sessions,3,class_uid,text,NO,"","",FK,"","",""
capture_sessions,4,session_id,text,NO,"","","","","",""
capture_sessions,5,signer_id,text,YES,"","",FK,"","",""
capture_sessions,6,auth_user_id,uuid,YES,"","",FK,"","",""
capture_sessions,7,source_type,text,YES,"","","","","",""
capture_sessions,8,started_at,timestamp with time zone,YES,"","","","","",""
capture_sessions,9,ended_at,timestamp with time zone,YES,"","","","","",""
capture_sessions,10,note,text,YES,"","","","","",""
capture_sessions,11,created_at,timestamp with time zone,NO,now(),"","","","",""
capture_sessions,12,collection_session_id,uuid,YES,"","",FK,"","",""
classes,1,class_uid,text,NO,"",PK,"","","",""
classes,2,class_idx,integer,YES,"","","","","",""
classes,3,slug,text,YES,"","","","","",""
classes,4,label_original,text,YES,"","","","","",""
classes,5,language,text,YES,"","",FK,"","",""
classes,6,dialect,text,YES,"","",FK,"","",""
classes,7,is_common_global,boolean,YES,"","","","","",""
classes,8,is_common_language,boolean,YES,"","","","","",""
classes,9,folder_name,text,YES,"","","","","",""
classes,10,created_at,timestamp with time zone,YES,"","","","","",""
classes,11,migrated_at,timestamp with time zone,YES,"","","","","",""
classes,12,deleted_at,timestamp with time zone,YES,"","","","","",""
classes,13,description,text,YES,''::text,"","","","",""
classes,14,is_active,boolean,YES,true,"","","","",""
classes,15,hands_required,integer,YES,"","","","","",""
classes,16,semantic_label,text,YES,"","","","","",""
classes,17,vocabulary_scope,text,YES,"","","","","",""
classes,18,recognition_profile,text,YES,"","",FK,"","",""
classes,19,vocabulary_group,text,YES,"","",FK,"","",""
classes,20,collection_campaign,text,YES,"","","","","",""
classes,21,motion_type,text,YES,"","","","","",""
classes,22,tenant_id,text,NO,'default'::text,"",FK,"","",""
classes,23,region,text,NO,'unclassified'::text,"",FK,"","",""
collection_sessions,1,collection_session_id,uuid,NO,"",PK,"","","",""
collection_sessions,2,tenant_id,text,NO,"","",FK,"","",""
collection_sessions,3,session_code,text,NO,"","","","","",""
collection_sessions,5,opened_by_user_id,uuid,YES,"","",FK,"","",""
collection_sessions,6,source_type,text,YES,"","","","","",""
collection_sessions,7,started_at,timestamp with time zone,YES,"","","","","",""
collection_sessions,8,ended_at,timestamp with time zone,YES,"","","","","",""
collection_sessions,9,note,text,YES,"","","","","",""
collection_sessions,10,created_at,timestamp with time zone,NO,now(),"","","","",""
community_dialects,1,dialect_id,text,NO,"",PK,"","","",""
community_dialects,2,display_name,text,NO,"","","","","",""
community_dialects,3,language,text,NO,'vn'::text,"","","","",""
community_dialects,4,is_alphabet,boolean,NO,false,"","","","",""
community_dialects,5,display_order,integer,NO,0,"","","","",""
community_dialects,6,is_active,boolean,NO,true,"","","","",""
community_dialects,7,note,text,YES,"","","","","",""
community_dialects,8,updated_by,uuid,YES,"","",FK,"","",""
community_dialects,9,updated_at,timestamp with time zone,NO,now(),"","","","",""
community_profiles,1,profile_id,text,NO,"",PK,"","","",""
community_profiles,2,display_name,text,NO,"","","","","",""
community_profiles,3,is_trainable,boolean,NO,true,"","","","",""
community_profiles,4,display_order,integer,NO,0,"","","","",""
community_profiles,5,is_active,boolean,NO,true,"","","","",""
community_profiles,6,note,text,YES,"","","","","",""
community_profiles,7,updated_by,uuid,YES,"","",FK,"","",""
community_profiles,8,updated_at,timestamp with time zone,NO,now(),"","","","",""
community_versions,1,version,bigint,NO,"",PK,"","","",""
community_versions,2,content_hash,text,NO,"","","","","",""
community_versions,3,snapshot,jsonb,NO,"","","","","",""
community_versions,4,note,text,YES,"","","","","",""
community_versions,5,created_by,uuid,YES,"","",FK,"","",""
community_versions,6,created_at,timestamp with time zone,NO,now(),"","","","",""
dialect_aliases,1,tenant_id,text,NO,'default'::text,PK,FK,"","",""
dialect_aliases,2,old_dialect_id,text,NO,"",PK,"","","",""
dialect_aliases,3,new_dialect_id,text,NO,"","",FK,"","",""
dialect_aliases,4,merged_at,timestamp with time zone,NO,now(),"","","","",""
dialect_aliases,5,merged_by,uuid,YES,"","",FK,"","",""
dialects,1,tenant_id,text,NO,'default'::text,PK,FK,"","",""
dialects,2,dialect_id,text,NO,"",PK,"","","",""
dialects,3,display_name,text,NO,"","","","","",""
dialects,4,language,text,NO,'vn'::text,"",FK,"","",""
dialects,5,is_alphabet,boolean,NO,false,"","","","",""
dialects,6,is_active,boolean,NO,true,"","","","",""
dialects,7,status,text,NO,'pending'::text,"","","","",""
dialects,8,merged_into,text,YES,"","",FK,"","",""
dialects,9,created_by,uuid,YES,"","",FK,"","",""
dialects,10,approved_by,uuid,YES,"","",FK,"","",""
dialects,11,created_at,timestamp with time zone,NO,now(),"","","","",""
dialects,12,approved_at,timestamp with time zone,YES,"","","","","",""
dialects,13,note,text,YES,"","","","","",""
dialects,14,display_order,integer,NO,0,"","","","",""
event_outbox,1,event_id,uuid,NO,gen_random_uuid(),PK,"","","",""
event_outbox,2,tenant_id,text,YES,"","",FK,"","",""
event_outbox,3,event_type_code,text,NO,"","","","","",""
event_outbox,4,payload,jsonb,NO,'{}'::jsonb,"","","","",""
event_outbox,5,occurred_at,timestamp with time zone,NO,now(),"","","","",""
event_outbox,6,created_at,timestamp with time zone,NO,now(),"","","","",""
event_outbox,7,dispatch_status,text,NO,'PENDING'::text,"","","","",""
event_outbox,8,attempts,integer,NO,0,"","","","",""
event_outbox,9,available_at,timestamp with time zone,NO,now(),"","","","",""
event_outbox,10,processed_at,timestamp with time zone,YES,"","","","","",""
event_outbox,11,last_error,text,YES,"","","","","",""
google_sheets_sync_status,1,id,integer,NO,nextval('google_sheets_sync_status_id_seq'::regclass),PK,"","","",""
google_sheets_sync_status,2,table_name,character varying(50),NO,"","","","","",""
google_sheets_sync_status,3,current_spreadsheet_id,character varying(100),NO,''::character varying,"","","","",""
google_sheets_sync_status,4,current_sheet_index,integer,NO,1,"","","","",""
google_sheets_sync_status,5,current_data_rows,integer,NO,0,"","","","",""
google_sheets_sync_status,6,max_rows_per_sheet,integer,NO,500000,"","","","",""
google_sheets_sync_status,7,updated_at,timestamp with time zone,YES,now(),"","","","",""
languages,1,code,character varying(50),NO,"",PK,"","","",""
languages,2,name,text,NO,"","","","","",""
legal_document_drafts,1,draft_id,uuid,NO,"",PK,"","","",""
legal_document_drafts,2,kind,text,NO,"","","","","",""
legal_document_drafts,3,title,text,NO,''::text,"","","","",""
legal_document_drafts,4,language,text,NO,'vi'::text,"","","","",""
legal_document_drafts,5,body,text,NO,''::text,"","","","",""
legal_document_drafts,6,body_format,text,NO,'markdown'::text,"","","","",""
legal_document_drafts,7,change_summary,text,NO,''::text,"","","","",""
legal_document_drafts,8,target_version,text,NO,''::text,"","","","",""
legal_document_drafts,9,requires_reconsent,boolean,NO,false,"","","","",""
legal_document_drafts,10,effective_from,timestamp with time zone,YES,"","","","","",""
legal_document_drafts,11,status,text,NO,'draft'::text,"","","","",""
legal_document_drafts,12,revision,integer,NO,1,"","","","",""
legal_document_drafts,13,based_on_version,text,YES,"","","","","",""
legal_document_drafts,14,published_version,text,YES,"","","","","",""
legal_document_drafts,15,storage_key,text,YES,"","","","","",""
legal_document_drafts,16,content_hash,text,YES,"","","","","",""
legal_document_drafts,17,byte_size,integer,NO,0,"","","","",""
legal_document_drafts,18,created_by,uuid,YES,"","",FK,"","",""
legal_document_drafts,19,updated_by,uuid,YES,"","",FK,"","",""
legal_document_drafts,20,created_at,timestamp with time zone,NO,now(),"","","","",""
legal_document_drafts,21,updated_at,timestamp with time zone,NO,now(),"","","","",""
legal_document_events,1,event_id,bigint,NO,nextval('legal_document_events_event_id_seq'::regclass),PK,"","","",""
legal_document_events,2,occurred_at,timestamp with time zone,NO,now(),"","","","",""
legal_document_events,3,actor_user_id,uuid,YES,"","","","","",""
legal_document_events,4,actor_label,text,NO,''::text,"","","","",""
legal_document_events,5,action,text,NO,"","","","","",""
legal_document_events,6,kind,text,YES,"","","","","",""
legal_document_events,7,version,text,YES,"","","","","",""
legal_document_events,8,draft_id,uuid,YES,"","","","","",""
legal_document_events,9,revision,integer,YES,"","","","","",""
legal_document_events,10,storage_key,text,YES,"","","","","",""
legal_document_events,11,content_hash,text,YES,"","","","","",""
legal_document_events,12,detail,jsonb,YES,"","","","","",""
legal_documents,1,doc_id,uuid,NO,"",PK,"","","",""
legal_documents,2,kind,text,NO,"","","","","",""
legal_documents,3,version,text,NO,"","","","","",""
legal_documents,4,effective_from,timestamp with time zone,NO,now(),"","","","",""
legal_documents,5,content_hash,text,NO,"","","","","",""
legal_documents,6,url,text,NO,"","","","","",""
legal_documents,7,title,text,NO,''::text,"","","","",""
legal_documents,8,requires_reconsent,boolean,NO,false,"","","","",""
legal_documents,9,body,text,NO,''::text,"","","","",""
legal_documents,10,body_format,text,NO,'markdown'::text,"","","","",""
legal_documents,11,language,text,NO,'vi'::text,"","","","",""
legal_documents,12,change_summary,text,NO,''::text,"","","","",""
legal_documents,13,published_at,timestamp with time zone,NO,now(),"","","","",""
legal_documents,14,published_by,uuid,YES,"","",FK,"","",""
legal_documents,15,storage_backend,text,NO,'local'::text,"","","","",""
legal_documents,16,storage_key,text,YES,"","","","","",""
legal_documents,17,byte_size,integer,NO,0,"","","","",""
legal_documents,18,file_key,text,YES,"","","","","",""
legal_documents,19,file_name,text,YES,"","","","","",""
legal_documents,20,file_mime,text,YES,"","","","","",""
legal_documents,21,file_size,bigint,YES,"","","","","",""
memberships,1,membership_id,uuid,NO,gen_random_uuid(),PK,"","","",""
memberships,2,user_id,uuid,NO,"","",FK,"","",""
memberships,3,scope_level,text,NO,'TENANT'::text,"","","","",""
memberships,4,tenant_id,text,NO,"","",FK,"","",""
memberships,5,workspace_id,uuid,YES,"","",FK,"","",""
memberships,6,project_id,uuid,YES,"","",FK,"","",""
memberships,7,parent_membership_id,uuid,YES,"","",FK,"","",""
memberships,8,legacy_role,text,YES,"","","","","",""
memberships,9,status,text,NO,'ACTIVE'::text,"","","","",""
memberships,10,joined_at,timestamp with time zone,YES,"","","","","",""
memberships,11,suspended_at,timestamp with time zone,YES,"","","","","",""
memberships,12,left_at,timestamp with time zone,YES,"","","","","",""
memberships,13,created_at,timestamp with time zone,NO,now(),"","","","",""
memberships,14,updated_at,timestamp with time zone,NO,now(),"","","","",""
notifications,1,notification_id,uuid,NO,gen_random_uuid(),PK,"","","",""
notifications,2,tenant_id,text,NO,"","",FK,"","",""
notifications,3,user_id,uuid,NO,"","",FK,"","",""
notifications,4,kind,text,NO,"","","","","",""
notifications,5,title,text,NO,"","","","","",""
notifications,6,body,text,NO,''::text,"","","","",""
notifications,7,link,text,YES,"","","","","",""
notifications,8,severity,text,NO,'info'::text,"","","","",""
notifications,9,read_at,timestamp with time zone,YES,"","","","","",""
notifications,10,created_at,timestamp with time zone,NO,now(),"","","","",""
password_reset_tokens,1,token_hash,text,NO,"",PK,"","","",""
password_reset_tokens,2,user_id,uuid,NO,"","",FK,"","",""
password_reset_tokens,3,expires_at,timestamp with time zone,NO,"","","","","",""
password_reset_tokens,4,used_at,timestamp with time zone,YES,"","","","","",""
password_reset_tokens,5,created_at,timestamp with time zone,NO,now(),"","","","",""
permissions,1,permission_code,text,NO,"",PK,"","","",""
permissions,2,description,text,NO,''::text,"","","","",""
permissions,3,applicable_scope,text,NO,"","","","","",""
permissions,4,risk_level,text,NO,'NORMAL'::text,"","","","",""
permissions,5,requires_passcode,boolean,NO,false,"","","","",""
permissions,6,is_api_assignable,boolean,NO,false,"","","","",""
permissions,7,is_active,boolean,NO,true,"","","","",""
permissions,8,created_at,timestamp with time zone,NO,now(),"","","","",""
permissions,9,is_custom_role_allowed,boolean,NO,true,"","","","",""
plans,1,plan_code,text,NO,"",PK,"","","",""
plans,2,display_name,text,NO,"","","","","",""
plans,3,description,text,NO,''::text,"","","","",""
plans,4,max_seats,integer,YES,"","","","","",""
plans,5,max_samples,integer,YES,"","","","","",""
plans,6,max_storage_mb,integer,YES,"","","","","",""
plans,7,max_classes,integer,YES,"","","","","",""
plans,8,max_training_jobs_per_month,integer,YES,"","","","","",""
plans,9,max_concurrent_training_jobs,integer,YES,1,"","","","",""
plans,10,max_queued_training_jobs,integer,YES,3,"","","","",""
plans,11,max_api_keys,integer,YES,0,"","","","",""
plans,12,max_webhook_endpoints,integer,YES,0,"","","","",""
plans,13,price_cents,bigint,YES,0,"","","","",""
plans,14,currency,text,NO,'VND'::text,"","","","",""
plans,15,billing_period,text,NO,'monthly'::text,"","","","",""
plans,16,is_self_serve,boolean,NO,false,"","","","",""
plans,17,is_listed,boolean,NO,true,"","","","",""
plans,18,trial_days,integer,NO,0,"","","","",""
plans,19,sort_order,integer,NO,0,"","","","",""
plans,20,created_at,timestamp with time zone,NO,now(),"","","","",""
plans,21,updated_at,timestamp with time zone,NO,now(),"","","","",""
plans,26,max_workspaces,integer,YES,"","","","","",""
plans,27,max_projects,integer,YES,"","","","","",""
plans,28,included_training_credits,integer,YES,"","","","","",""
plans,29,audit_retention_days,integer,YES,"","","","","",""
platform_settings,1,key,text,NO,"",PK,"","","",""
platform_settings,2,value,text,NO,"","","","","",""
platform_settings,3,updated_by,uuid,YES,"","",FK,"","",""
platform_settings,4,updated_at,timestamp with time zone,NO,now(),"","","","",""
project_allocations,1,tenant_id,text,NO,"",PK,FK,"","",""
project_allocations,2,project_id,uuid,NO,"",PK,FK,"","",""
project_allocations,3,metric,text,NO,"",PK,"","","",""
project_allocations,4,allocated,bigint,YES,"","","","","",""
project_allocations,5,note,text,NO,''::text,"","","","",""
project_allocations,6,updated_by,uuid,YES,"","",FK,"","",""
project_allocations,7,updated_at,timestamp with time zone,NO,now(),"","","","",""
projects,1,project_id,uuid,NO,gen_random_uuid(),PK,"","","",""
projects,2,tenant_id,text,NO,"","",FK,"","",""
projects,3,workspace_id,uuid,NO,"","",FK,"","",""
projects,4,name,text,NO,"","","","","",""
projects,5,description,text,NO,''::text,"","","","",""
projects,6,status,text,NO,'ACTIVE'::text,"","","","",""
projects,7,is_default,boolean,NO,false,"","","","",""
projects,8,created_at,timestamp with time zone,NO,now(),"","","","",""
projects,9,archived_at,timestamp with time zone,YES,"","","","","",""
projects,10,deleted_at,timestamp with time zone,YES,"","","","","",""
raw_uploads,1,upload_uid,text,NO,"",PK,"","","",""
raw_uploads,2,class_uid,text,YES,"","",FK,"","",""
raw_uploads,3,slug,text,YES,"","","","","",""
raw_uploads,4,label_original,text,YES,"","","","","",""
raw_uploads,5,language,text,YES,"","",FK,"","",""
raw_uploads,6,dialect,text,YES,"","",FK,"","",""
raw_uploads,7,source_type,text,YES,"","","","","",""
raw_uploads,8,user_id,text,YES,"","","","","",""
raw_uploads,9,auth_user_id,uuid,YES,"","",FK,"","",""
raw_uploads,10,session_id,text,YES,"","","","","",""
raw_uploads,11,original_filename,text,YES,"","","","","",""
raw_uploads,12,local_path,text,YES,"","","","","",""
raw_uploads,13,storage_key,text,YES,"","","","","",""
raw_uploads,14,storage_url,text,YES,"","","","","",""
raw_uploads,15,created_at,timestamp with time zone,YES,"","","","","",""
raw_uploads,16,updated_at,timestamp with time zone,YES,"","","","","",""
raw_uploads,17,deleted_at,timestamp with time zone,YES,"","","","","",""
raw_uploads,18,status,character varying(20),YES,'PENDING'::character varying,"","","","",""
raw_uploads,19,session_uid,text,YES,"","","","","",""
raw_uploads,20,username,text,YES,"","","","","",""
raw_uploads,21,tenant_id,text,NO,'default'::text,"",FK,"","",""
recognition_profiles,1,tenant_id,text,NO,'default'::text,PK,FK,"","",""
recognition_profiles,2,profile_id,text,NO,"",PK,"","","",""
recognition_profiles,3,display_name,text,NO,"","","","","",""
recognition_profiles,4,is_trainable,boolean,NO,true,"","","","",""
recognition_profiles,5,is_active,boolean,NO,true,"","","","",""
recognition_profiles,6,created_at,timestamp with time zone,NO,now(),"","","","",""
recognition_profiles,7,display_order,integer,NO,0,"","","","",""
refresh_tokens,1,token_hash,text,NO,"",PK,"","","",""
refresh_tokens,2,user_id,uuid,NO,"","",FK,"","",""
refresh_tokens,3,expires_at,timestamp with time zone,NO,"","","","","",""
refresh_tokens,4,revoked_at,timestamp with time zone,YES,"","","","","",""
refresh_tokens,5,created_at,timestamp with time zone,NO,now(),"","","","",""
refresh_tokens,6,family_id,uuid,YES,"","","","","",""
refresh_tokens,7,replaced_by,text,YES,"","","","","",""
refresh_tokens,8,reuse_detected_at,timestamp with time zone,YES,"","","","","",""
regions,1,code,text,NO,"",PK,"","","",""
regions,2,name_vi,text,NO,"","","","","",""
regions,3,name_en,text,NO,''::text,"","","","",""
regions,4,status,text,NO,'approved'::text,"","","","",""
regions,5,sort_order,integer,NO,0,"","","","",""
regions,6,is_active,boolean,NO,true,"","","","",""
regions,7,note,text,YES,"","","","","",""
regions,8,updated_at,timestamp with time zone,NO,now(),"","","","",""
registry_versions,1,tenant_id,text,NO,"",PK,FK,"","",""
registry_versions,2,version,bigint,NO,"",PK,"","","",""
registry_versions,3,content_hash,text,NO,"","","","","",""
registry_versions,4,snapshot,jsonb,NO,"","","","","",""
registry_versions,5,note,text,YES,"","","","","",""
registry_versions,6,created_by,uuid,YES,"","",FK,"","",""
registry_versions,7,created_at,timestamp with time zone,NO,now(),"","","","",""
role_assignments,1,assignment_id,uuid,NO,gen_random_uuid(),PK,"","","",""
role_assignments,2,user_id,uuid,NO,"","",FK,"","",""
role_assignments,3,role_id,uuid,NO,"","",FK,"","",""
role_assignments,4,membership_id,uuid,YES,"","",FK,"","",""
role_assignments,5,assigned_by_user_id,uuid,NO,"","",FK,"","",""
role_assignments,6,assigned_at,timestamp with time zone,NO,now(),"","","","",""
role_assignments,7,revoked_by_user_id,uuid,YES,"","",FK,"","",""
role_assignments,8,revoked_at,timestamp with time zone,YES,"","","","","",""
role_assignments,9,revoke_reason,text,YES,"","","","","",""
role_permissions,1,role_id,uuid,NO,"",PK,FK,"","",""
role_permissions,2,permission_code,text,NO,"",PK,FK,"","",""
role_permissions,3,granted_at,timestamp with time zone,NO,now(),"","","","",""
roles,1,role_id,uuid,NO,gen_random_uuid(),PK,"","","",""
roles,2,role_code,character varying(50),NO,"","","","","",""
roles,3,description,text,YES,''::text,"","","","",""
roles,4,tenant_id,text,YES,"","",FK,"","",""
roles,5,scope_level,text,YES,"","","","","",""
roles,6,is_builtin,boolean,NO,false,"","","","",""
roles,7,is_active,boolean,NO,true,"","","","",""
roles,8,created_at,timestamp with time zone,NO,now(),"","","","",""
roles,9,role_name,text,YES,"","","","","",""
roles,10,tenant_type_constraint,text,YES,"","","","","",""
roles,11,created_by_user_id,uuid,YES,"","",FK,"","",""
roles,12,updated_at,timestamp with time zone,NO,now(),"","","","",""
samples,1,sample_uid,text,NO,"",PK,"","","",""
samples,2,class_uid,text,YES,"","",FK,"","",""
samples,3,slug,text,YES,"","","","","",""
samples,4,label_original,text,YES,"","","","","",""
samples,5,language,text,YES,"","",FK,"","",""
samples,6,dialect,text,YES,"","",FK,"","",""
samples,7,source_type,text,YES,"","","","","",""
samples,8,user_id,text,YES,"","","","","",""
samples,9,auth_user_id,uuid,YES,"","",FK,"","",""
samples,10,session_id,text,YES,"","","","","",""
samples,11,fps_original,text,YES,"","","","","",""
samples,12,fps_processed,text,YES,"","","","","",""
samples,13,seq_len,integer,YES,"","","","","",""
samples,14,augment_id,integer,YES,"","","","","",""
samples,15,completeness,real,YES,"","","","","",""
samples,16,file_path,text,YES,"","","","","",""
samples,17,storage_url,text,YES,"","","","","",""
samples,18,checksum,text,YES,"","","","","",""
samples,19,created_at,timestamp with time zone,YES,"","","","","",""
samples,20,sheets_synced,boolean,YES,false,"","","","",""
samples,21,gdrive_synced,boolean,YES,true,"","","","",""
samples,23,status,character varying(20),YES,'PENDING'::character varying,"","","","",""
samples,24,error_log,text,YES,''::text,"","","","",""
samples,25,updated_at,timestamp with time zone,YES,"","","","","",""
samples,26,storage_key,text,YES,''::text,"","","","",""
samples,27,session_uid,text,YES,"","","","","",""
samples,28,username,text,YES,"","","","","",""
samples,30,deleted_at,timestamp with time zone,YES,"","","","","",""
samples,31,left_hand_ratio,real,YES,"","","","","",""
samples,32,right_hand_ratio,real,YES,"","","","","",""
samples,33,both_hands_ratio,real,YES,"","","","","",""
samples,34,jitter,real,YES,"","","","","",""
samples,35,quality_flags,text,YES,"","","","","",""
samples,36,signer_id,text,YES,"","",FK,"","",""
samples,37,collection_campaign,text,YES,"","","","","",""
samples,38,raw_landmarks_available,boolean,YES,"","","","","",""
samples,39,normalization_version,text,YES,"","","","","",""
samples,40,preprocess_contract_version,text,YES,"","","","","",""
samples,41,sequence_length_original,integer,YES,"","","","","",""
samples,42,quality_status,text,YES,"","","","","",""
samples,43,tenant_id,text,NO,'default'::text,"",FK,"","",""
samples,44,capture_session_id,uuid,YES,"","",FK,"","",""
samples,45,review_status,text,NO,'pending'::text,"","","","",""
samples,46,reviewed_by,uuid,YES,"","",FK,"","",""
samples,47,reviewed_at,timestamp with time zone,YES,"","","","","",""
samples,48,review_note,text,YES,''::text,"","","","",""
schema_migrations,1,version,integer,NO,"",PK,"","","",""
schema_migrations,2,applied_at,timestamp with time zone,NO,now(),PK,"","","",""
schema_migrations,3,applied_by,text,NO,"","","","","",""
schema_migrations,4,applied_on,text,YES,"","","","","",""
schema_migrations,5,note,text,YES,"","","","","",""
schema_migrations,6,migration_checksum,text,YES,"","","","","",""
signer_aliases,1,tenant_id,text,NO,"",PK,FK,"","",""
signer_aliases,2,old_signer_id,text,NO,"",PK,"","","",""
signer_aliases,3,new_signer_id,text,NO,"","",FK,"","",""
signer_aliases,4,reason,text,YES,"","","","","",""
signer_aliases,5,merged_at,timestamp with time zone,NO,now(),"","","","",""
signer_aliases,6,merged_by,uuid,YES,"","",FK,"","",""
signer_consents,1,consent_id,uuid,NO,"",PK,"","","",""
signer_consents,2,tenant_id,text,NO,"","",FK,"","",""
signer_consents,3,signer_id,text,NO,"","",FK,"","",""
signer_consents,4,scope,text,NO,"","","","","",""
signer_consents,5,kind,text,NO,"","",FK,"","",""
signer_consents,6,version,text,NO,"","",FK,"","",""
signer_consents,7,granted_at,timestamp with time zone,NO,now(),"","","","",""
signer_consents,8,withdrawn_at,timestamp with time zone,YES,"","","","","",""
signer_consents,9,guardian_name,text,YES,"","","","","",""
signer_consents,10,evidence,text,YES,"","","","","",""
signer_consents,11,recorded_by,uuid,YES,"","",FK,"","",""
signers,1,signer_id,text,NO,"",PK,"","","",""
signers,2,display_name,text,YES,"","","","","",""
signers,3,regional_group,text,YES,"","","","","",""
signers,4,external_user_id,uuid,YES,"","",FK,"","",""
signers,5,is_active,boolean,YES,true,"","","","",""
signers,6,created_at,timestamp with time zone,YES,"","","","","",""
signers,7,tenant_id,text,NO,'default'::text,"",FK,"","",""
signers,8,note,text,YES,"","","","","",""
signers,9,display_order,integer,NO,0,"","","","",""
sot_authorized_keys,1,public_key,text,NO,"",PK,"","","",""
sot_authorized_keys,2,name,text,NO,"","","","","",""
sot_authorized_keys,3,fingerprint,text,NO,"","","","","",""
sot_authorized_keys,4,note,text,YES,"","","","","",""
sot_authorized_keys,5,added_by,text,YES,"","","","","",""
sot_authorized_keys,6,added_at,timestamp with time zone,NO,now(),"","","","",""
sot_authorized_keys,7,revoked_at,timestamp with time zone,YES,"","","","","",""
storage_reservations,1,reservation_id,uuid,NO,"",PK,"","","",""
storage_reservations,2,tenant_id,text,NO,"","",FK,"","",""
storage_reservations,3,bytes,bigint,NO,"","","","","",""
storage_reservations,4,created_at,timestamp with time zone,NO,now(),"","","","",""
storage_reservations,5,expires_at,timestamp with time zone,NO,"","","","","",""
support_messages,1,message_id,uuid,NO,gen_random_uuid(),PK,"","","",""
support_messages,2,tenant_id,text,NO,"","",FK,"","",""
support_messages,3,ticket_id,uuid,NO,"","",FK,"","",""
support_messages,4,author_id,uuid,YES,"","",FK,"","",""
support_messages,5,author_label,text,NO,"","","","","",""
support_messages,6,is_staff,boolean,NO,false,"","","","",""
support_messages,7,body,text,NO,"","","","","",""
support_messages,8,created_at,timestamp with time zone,NO,now(),"","","","",""
support_messages,9,author_kind,text,YES,'user'::text,"","","","",""
support_tickets,1,ticket_id,uuid,NO,gen_random_uuid(),PK,"","","",""
support_tickets,2,tenant_id,text,NO,"","",FK,"","",""
support_tickets,3,user_id,uuid,YES,"","",FK,"","",""
support_tickets,4,subject,text,NO,"","","","","",""
support_tickets,5,category,text,NO,'other'::text,"","","","",""
support_tickets,6,status,text,NO,'open'::text,"","","","",""
support_tickets,7,priority,text,NO,'normal'::text,"","","","",""
support_tickets,8,created_at,timestamp with time zone,NO,now(),"","","","",""
support_tickets,9,updated_at,timestamp with time zone,NO,now(),"","","","",""
support_tickets,10,resolved_at,timestamp with time zone,YES,"","","","","",""
tenant_exports,1,export_id,uuid,NO,"",PK,"","","",""
tenant_exports,2,tenant_id,text,NO,"","",FK,"","",""
tenant_exports,3,requested_by,uuid,YES,"","",FK,"","",""
tenant_exports,4,status,text,NO,'pending'::text,"","","","",""
tenant_exports,5,scope,text,NO,'metadata'::text,"","","","",""
tenant_exports,6,file_path,text,YES,"","","","","",""
tenant_exports,7,size_bytes,bigint,YES,"","","","","",""
tenant_exports,8,row_counts,jsonb,YES,"","","","","",""
tenant_exports,9,error,text,YES,"","","","","",""
tenant_exports,10,created_at,timestamp with time zone,NO,now(),"","","","",""
tenant_exports,11,completed_at,timestamp with time zone,YES,"","","","","",""
tenant_exports,12,expires_at,timestamp with time zone,YES,"","","","","",""
tenant_exports,13,export_purpose,text,NO,'tenant_portability'::text,"","","","",""
tenant_invitations,1,invitation_id,uuid,NO,"",PK,"","","",""
tenant_invitations,2,tenant_id,text,NO,"","",FK,"","",""
tenant_invitations,3,email,text,NO,"","","","","",""
tenant_invitations,4,role,text,YES,"","","","","",""
tenant_invitations,5,token_hash,text,NO,"","","","","",""
tenant_invitations,6,invited_by,uuid,YES,"","",FK,"","",""
tenant_invitations,7,created_at,timestamp with time zone,NO,now(),"","","","",""
tenant_invitations,8,expires_at,timestamp with time zone,NO,"","","","","",""
tenant_invitations,9,accepted_at,timestamp with time zone,YES,"","","","","",""
tenant_invitations,10,accepted_by,uuid,YES,"","",FK,"","",""
tenant_invitations,11,revoked_at,timestamp with time zone,YES,"","","","","",""
tenant_purges,1,purge_id,uuid,NO,"",PK,"","","",""
tenant_purges,2,tenant_id,text,NO,"","","","","",""
tenant_purges,3,display_name,text,NO,''::text,"","","","",""
tenant_purges,4,requested_by,uuid,YES,"","","","","",""
tenant_purges,5,row_counts,jsonb,YES,"","","","","",""
tenant_purges,6,files_removed,integer,NO,0,"","","","",""
tenant_purges,7,bytes_removed,bigint,NO,0,"","","","",""
tenant_purges,8,export_id,uuid,YES,"","","","","",""
tenant_purges,9,reason,text,NO,''::text,"","","","",""
tenant_purges,10,created_at,timestamp with time zone,NO,now(),"","","","",""
tenant_storage,1,tenant_id,text,NO,"",PK,FK,"","",""
tenant_storage,2,bytes_used,bigint,NO,0,"","","","",""
tenant_storage,3,reconciled_at,timestamp with time zone,YES,"","","","","",""
tenant_storage,4,updated_at,timestamp with time zone,NO,now(),"","","","",""
tenant_subscriptions,1,subscription_id,uuid,NO,"",PK,"","","",""
tenant_subscriptions,2,tenant_id,text,NO,"","",FK,"","",""
tenant_subscriptions,3,plan_code,text,NO,"","",FK,"","",""
tenant_subscriptions,4,status,text,NO,'active'::text,"","","","",""
tenant_subscriptions,5,started_at,timestamp with time zone,NO,now(),"","","","",""
tenant_subscriptions,6,ended_at,timestamp with time zone,YES,"","","","","",""
tenant_subscriptions,7,changed_by,uuid,YES,"","",FK,"","",""
tenant_subscriptions,8,note,text,NO,''::text,"","","","",""
tenant_subscriptions,9,created_at,timestamp with time zone,NO,now(),"","","","",""
tenant_subscriptions,10,current_period_start,timestamp with time zone,YES,"","","","","",""
tenant_subscriptions,11,current_period_end,timestamp with time zone,YES,"","","","","",""
tenant_subscriptions,12,auto_renew,boolean,NO,true,"","","","",""
tenant_subscriptions,13,grace_until,timestamp with time zone,YES,"","","","","",""
tenant_subscriptions,14,trial_ends_at,timestamp with time zone,YES,"","","","","",""
tenant_subscriptions,15,last_reminder_days,integer,YES,"","","","","",""
tenant_usage_daily,1,tenant_id,text,NO,"",PK,FK,"","",""
tenant_usage_daily,2,usage_date,date,NO,"",PK,"","","",""
tenant_usage_daily,3,metric,text,NO,"",PK,"","","",""
tenant_usage_daily,4,value,bigint,NO,0,"","","","",""
tenant_usage_daily,5,computed_at,timestamp with time zone,NO,now(),"","","","",""
tenants,1,tenant_id,text,NO,"",PK,"","","",""
tenants,2,display_name,text,YES,"","","","","",""
tenants,3,slug,text,YES,"","","","","",""
tenants,4,is_active,boolean,NO,true,"","","","",""
tenants,5,created_at,timestamp with time zone,NO,now(),"","","","",""
tenants,6,deleted_at,timestamp with time zone,YES,"","","","","",""
tenants,7,cloned_from_community_version,bigint,YES,"","",FK,"","",""
tenants,8,cloned_at,timestamp with time zone,YES,"","","","","",""
tenants,9,plan_code,text,NO,'free'::text,"",FK,"","",""
tenants,10,billing_status,text,NO,'active'::text,"","","","",""
tenants,11,trial_ends_at,timestamp with time zone,YES,"","","","","",""
tenants,12,current_period_start,timestamp with time zone,YES,"","","","","",""
tenants,13,current_period_end,timestamp with time zone,YES,"","","","","",""
tenants,14,is_self_serve,boolean,NO,false,"","","","",""
tenants,15,owner_user_id,uuid,YES,"","",FK,"","",""
tenants,16,suspended_at,timestamp with time zone,YES,"","","","","",""
tenants,17,suspended_reason,text,YES,"","","","","",""
tenants,18,tenant_type,text,NO,'ORGANIZATION'::text,"","","","",""
tenants,19,is_system_reserved,boolean,NO,false,"","","","",""
tenants,21,billing_exempt,boolean,NO,false,"","","","",""
training_job_classes,1,job_id,text,NO,"",PK,FK,"","",""
training_job_classes,2,class_idx,integer,NO,"",PK,"","","",""
training_job_classes,3,class_uid,text,YES,"","",FK,"","",""
training_job_classes,4,label,text,NO,"","","","","",""
training_job_classes,5,tenant_id,text,NO,"","",FK,"","",""
training_jobs,1,job_id,text,NO,"",PK,"","","",""
training_jobs,2,status,text,NO,"","","","","",""
training_jobs,3,model_type,text,YES,"","","","","",""
training_jobs,4,config,jsonb,YES,"","","","","",""
training_jobs,5,auth_user_id,uuid,YES,"","",FK,"","",""
training_jobs,6,created_at,timestamp with time zone,YES,"","","","","",""
training_jobs,7,started_at,timestamp with time zone,YES,"","","","","",""
training_jobs,8,completed_at,timestamp with time zone,YES,"","","","","",""
training_jobs,9,current_epoch,integer,NO,0,"","","","",""
training_jobs,10,total_epochs,integer,NO,0,"","","","",""
training_jobs,11,checkpoint_path,text,YES,"","","","","",""
training_jobs,12,test_acc,real,YES,"","","","","",""
training_jobs,13,test_f1,real,YES,"","","","","",""
training_jobs,14,error_message,text,YES,"","","","","",""
training_jobs,15,promoted_at,timestamp with time zone,YES,"","","","","",""
training_jobs,16,evaluation,jsonb,YES,"","","","","",""
training_jobs,17,superseded_at,timestamp with time zone,YES,"","","","","",""
training_jobs,18,tenant_id,text,NO,"","",FK,"","",""
training_jobs,19,registry_version,bigint,YES,"","",FK,"","",""
training_metrics,1,job_id,text,NO,"",PK,FK,"","",""
training_metrics,2,epoch,integer,NO,"",PK,"","","",""
training_metrics,3,train_loss,real,YES,"","","","","",""
training_metrics,4,train_acc,real,YES,"","","","","",""
training_metrics,5,val_loss,real,YES,"","","","","",""
training_metrics,6,val_acc,real,YES,"","","","","",""
training_metrics,7,val_f1,real,YES,"","","","","",""
training_metrics,8,created_at,timestamp with time zone,NO,now(),"","","","",""
training_metrics,9,tenant_id,text,NO,"","",FK,"","",""
user_action_passcodes,1,user_id,uuid,NO,"",PK,FK,"","",""
user_action_passcodes,2,passcode_hash,text,NO,"","","","","",""
user_action_passcodes,3,status,text,NO,'ACTIVE'::text,"","","","",""
user_action_passcodes,4,failed_count,smallint,NO,0,"","","","",""
user_action_passcodes,5,created_at,timestamp with time zone,NO,now(),"","","","",""
user_action_passcodes,6,updated_at,timestamp with time zone,NO,now(),"","","","",""
user_action_passcodes,7,locked_until,timestamp with time zone,YES,"","","","","",""
user_action_passcodes,8,revoked_at,timestamp with time zone,YES,"","","","","",""
user_consents,1,consent_id,uuid,NO,"",PK,"","","",""
user_consents,2,user_id,uuid,NO,"","",FK,"","",""
user_consents,3,kind,text,NO,"","",FK,"","",""
user_consents,4,version,text,NO,"","",FK,"","",""
user_consents,5,accepted_at,timestamp with time zone,NO,now(),"","","","",""
user_consents,6,ip_hash,text,YES,"","","","","",""
user_consents,7,user_agent,text,YES,"","","","","",""
user_consents,8,withdrawn_at,timestamp with time zone,YES,"","","","","",""
user_consents,9,source,text,NO,'user'::text,"","","","",""
user_consents,10,note,text,NO,''::text,"","","","",""
user_consents,11,recorded_by,uuid,YES,"","",FK,"","",""
user_recovery_codes,1,code_hash,text,NO,"",PK,"","","",""
user_recovery_codes,2,user_id,uuid,NO,"","",FK,"","",""
user_recovery_codes,3,used_at,timestamp with time zone,YES,"","","","","",""
user_recovery_codes,4,created_at,timestamp with time zone,NO,now(),"","","","",""
user_totp,1,user_id,uuid,NO,"",PK,FK,"","",""
user_totp,2,secret_enc,text,NO,"","","","","",""
user_totp,3,confirmed_at,timestamp with time zone,YES,"","","","","",""
user_totp,4,last_used_step,bigint,YES,"","","","","",""
user_totp,5,created_at,timestamp with time zone,NO,now(),"","","","",""
users,1,id,uuid,NO,"",PK,"","","",""
users,2,username,text,NO,"","","","","",""
users,3,email,text,NO,"","","","","",""
users,4,password_hash,text,NO,"","","","","",""
users,5,is_active,boolean,NO,true,"","","","",""
users,6,is_admin,boolean,NO,false,"","","","",""
users,7,created_at,timestamp with time zone,NO,now(),"","","","",""
users,8,role_id,uuid,YES,"","",FK,"","",""
users,9,phone_number,character varying(20),YES,"","","","","",""
users,10,updated_at,timestamp with time zone,YES,"","","","","",""
users,11,deleted_at,timestamp with time zone,YES,"","","","","",""
users,12,tenant_id,text,NO,"","",FK,"","",""
users,13,email_verified_at,timestamp with time zone,YES,"","","","","",""
users,14,phone_verified_at,timestamp with time zone,YES,"","","","","",""
users,15,sessions_invalid_before,timestamp with time zone,YES,"","","","","",""
users,16,active_tenant_id,text,YES,"","","","","",""
verification_codes,1,challenge_id,uuid,NO,"",PK,"","","",""
verification_codes,2,user_id,uuid,YES,"","",FK,"","",""
verification_codes,3,purpose,text,NO,"","","","","",""
verification_codes,4,channel,text,NO,"","","","","",""
verification_codes,5,destination,text,NO,"","","","","",""
verification_codes,6,code_hash,text,NO,"","","","","",""
verification_codes,7,attempts,integer,NO,0,"","","","",""
verification_codes,8,max_attempts,integer,NO,5,"","","","",""
verification_codes,9,created_at,timestamp with time zone,NO,now(),"","","","",""
verification_codes,10,expires_at,timestamp with time zone,NO,"","","","","",""
verification_codes,11,consumed_at,timestamp with time zone,YES,"","","","","",""
vocabulary_groups,1,tenant_id,text,NO,"",PK,FK,"","",""
vocabulary_groups,2,group_id,text,NO,"",PK,"","","",""
vocabulary_groups,3,display_name,text,NO,"","","","","",""
vocabulary_groups,4,display_order,integer,NO,0,"","","","",""
vocabulary_groups,5,is_active,boolean,NO,true,"","","","",""
vocabulary_groups,6,created_at,timestamp with time zone,NO,now(),"","","","",""
vocabulary_registry_meta,1,tenant_id,text,NO,'default'::text,PK,FK,"","",""
vocabulary_registry_meta,2,version,bigint,YES,"","",FK,"","",""
vocabulary_registry_meta,3,updated_at,timestamp with time zone,NO,now(),"","","","",""
webhook_deliveries,1,delivery_id,uuid,NO,"",PK,"","","",""
webhook_deliveries,2,tenant_id,text,NO,"","",FK,"","",""
webhook_deliveries,3,endpoint_id,uuid,NO,"","",FK,"","",""
webhook_deliveries,4,event_type,text,NO,"","","","","",""
webhook_deliveries,5,payload,jsonb,NO,"","","","","",""
webhook_deliveries,6,status,text,NO,'pending'::text,"","","","",""
webhook_deliveries,7,attempts,integer,NO,0,"","","","",""
webhook_deliveries,8,last_status_code,integer,YES,"","","","","",""
webhook_deliveries,9,last_error,text,YES,"","","","","",""
webhook_deliveries,10,next_attempt_at,timestamp with time zone,NO,now(),"","","","",""
webhook_deliveries,11,created_at,timestamp with time zone,NO,now(),"","","","",""
webhook_deliveries,12,delivered_at,timestamp with time zone,YES,"","","","","",""
webhook_endpoints,1,endpoint_id,uuid,NO,"",PK,"","","",""
webhook_endpoints,2,tenant_id,text,NO,"","",FK,"","",""
webhook_endpoints,3,url,text,NO,"","","","","",""
webhook_endpoints,4,secret,text,NO,"","","","","",""
webhook_endpoints,5,event_types,text,NO,'*'::text,"","","","",""
webhook_endpoints,6,is_active,boolean,NO,true,"","","","",""
webhook_endpoints,7,description,text,NO,''::text,"","","","",""
webhook_endpoints,8,created_by,uuid,YES,"","",FK,"","",""
webhook_endpoints,9,created_at,timestamp with time zone,NO,now(),"","","","",""
webhook_endpoints,10,last_success_at,timestamp with time zone,YES,"","","","","",""
webhook_endpoints,11,last_failure_at,timestamp with time zone,YES,"","","","","",""
webhook_endpoints,12,failure_streak,integer,NO,0,"","","","",""
webhook_endpoints,13,disabled_at,timestamp with time zone,YES,"","","","","",""
webhook_endpoints,14,disabled_reason,text,YES,"","","","","",""
workspaces,1,workspace_id,uuid,NO,gen_random_uuid(),PK,"","","",""
workspaces,2,tenant_id,text,NO,"","",FK,"","",""
workspaces,3,name,text,NO,"","","","","",""
workspaces,4,description,text,NO,''::text,"","","","",""
workspaces,5,status,text,NO,'ACTIVE'::text,"","","","",""
workspaces,6,is_default,boolean,NO,false,"","","","",""
workspaces,7,created_at,timestamp with time zone,NO,now(),"","","","",""
workspaces,8,archived_at,timestamp with time zone,YES,"","","","","",""
workspaces,9,deleted_at,timestamp with time zone,YES,"","","","","",""
