session_code,capture_session_id,lop,nhan_goc,signer_hien_tai,so_mau,bat_dau,ket_thuc,tai_khoan_thu,so_nguoi_trong_phien,signer_de_xuat,trang_thai,ghi_chu
1777885146491,75e1a154-a920-4ab7-ab04-1f22fd542b87,cam-on,Minh,"",40,2026-05-04 08:59:39,2026-05-04 09:00:20,Minh,2,"",UNRESOLVED,""
1777885146491,6beb6438-0815-4edd-8e11-d51a3017fafa,xin-chao,Trân,"",80,2026-05-04 09:06:27,2026-05-04 09:07:46,Minh,1,"",UNRESOLVED,""
1777885146491,75e1a154-a920-4ab7-ab04-1f22fd542b87,cam-on,Trân,"",40,2026-05-04 09:08:00,2026-05-04 09:08:33,Minh,2,"",UNRESOLVED,""
1777887821857,f4270a17-99dc-4e6f-9351-22269fe43ad0,rang-muoi,Trân,"",80,2026-05-04 09:46:10,2026-05-04 09:47:30,Minh,1,"",UNRESOLVED,""
1777887821857,ae17318d-dbfa-43d9-8ed0-cf117e81e85f,tom,Trân,"",80,2026-05-04 09:47:45,2026-05-04 09:49:13,Minh,1,"",UNRESOLVED,""
1777958720984,35581d4c-248e-4ebe-8c2d-dd467894eb21,xin-chao,Minh,"",80,2026-05-05 06:19:04,2026-05-05 06:20:39,Minh,1,"",UNRESOLVED,""
1777958720984,da664858-5f12-4bdb-a6dd-09e5f00dc4de,cam-on,Minh,"",40,2026-05-05 06:27:50,2026-05-05 06:28:28,Minh,1,"",UNRESOLVED,""
1778723421170,9c169aa1-f950-4438-ac5c-a87668afa217,c,Minh,"",5,2026-05-14 01:50:51,2026-05-14 01:51:34,Minh,1,"",UNRESOLVED,""
1778729678725,34908d49-467a-4fcc-a06b-9d8369ea9d43,a,Minh,"",5,2026-05-14 03:35:13,2026-05-14 03:36:05,Minh,1,"",UNRESOLVED,""
1778754691881,baad90ee-6149-442f-bca9-ba7d456f6eac,cat-ky,Minh,"",1,2026-05-14 10:43:37,2026-05-14 10:43:37,Minh,1,"",UNRESOLVED,""
1778771734988,99517243-0476-4afe-b09a-3293d9c0298e,d,Hoàng Anh,"",5,2026-05-14 15:27:41,2026-05-14 15:28:40,Minh,1,"",UNRESOLVED,""
1778819521896,72f17a0c-dc4a-4c2e-ae0e-5021b35d678a,danh-vay-ca,Minh,"",1,2026-05-15 04:40:53,2026-05-15 04:40:53,Minh,1,"",UNRESOLVED,""
1778821665521,688c6710-f23e-4b0b-b4b8-b917cb55174e,rang-muoi,Minh,"",5,2026-05-15 05:08:30,2026-05-15 05:09:30,Minh,1,"",UNRESOLVED,""
1778839519873,d79c8f82-8d1f-49ab-b505-5d6188695dca,tom,Minh,"",2,2026-05-15 10:07:45,2026-05-15 10:07:58,Minh,1,"",UNRESOLVED,""
1778859392944,3fc2fb57-94a5-4525-9e02-c5ee4f4d0a47,tom,Khoa,"",5,2026-05-15 15:37:37,2026-05-15 15:38:33,Khoa,1,"",UNRESOLVED,""
1778859392944,2c82fe95-5ae7-4bab-b228-d300f577a237,vo-tay,Khoa,"",5,2026-05-15 15:39:21,2026-05-15 15:40:18,Minh,1,"",UNRESOLVED,""
1779200202506,e9caf821-6512-48a4-a7f0-19f70bc42052,z,Minh,"",8,2026-05-19 14:38:25,2026-05-20 02:58:28,Minh,1,"",UNRESOLVED,""
1779246569493,ab0bf3dc-008b-47ae-903d-44d723e89b4f,z,Minh,"",5,2026-05-20 03:10:01,2026-05-20 03:10:42,Minh,1,"",UNRESOLVED,""
1779297738264,5d7d6281-436f-4cce-94cb-30d41b270722,z,Minh,"",5,2026-05-20 17:22:34,2026-05-20 17:23:18,Minh,1,"",UNRESOLVED,""
1780244022241,cac4181a-978f-4cb7-a75e-0d5d7fc1b367,z,Minh,"",15,2026-05-31 16:15:00,2026-05-31 16:17:59,Minh,2,"",UNRESOLVED,""
1780244022241,cac4181a-978f-4cb7-a75e-0d5d7fc1b367,z,Trân,"",10,2026-05-31 16:18:50,2026-05-31 16:20:50,Minh,2,"",UNRESOLVED,""
1780244780553,9f2a7d46-782c-4f8b-84f7-af3e1aeeb744,v,Minh,"",15,2026-05-31 17:02:50,2026-05-31 17:05:39,Minh,2,"",UNRESOLVED,""
1780244780553,9f2a7d46-782c-4f8b-84f7-af3e1aeeb744,v,Trân,"",10,2026-05-31 17:06:33,2026-05-31 17:08:46,Minh,2,"",UNRESOLVED,""
1780244780553,8a8d4293-b267-4499-953a-8247f5a1eca3,q,Minh,"",15,2026-06-01 03:29:58,2026-06-01 03:37:59,Minh,2,"",UNRESOLVED,""
1780244780553,8a8d4293-b267-4499-953a-8247f5a1eca3,q,Trân,"",15,2026-06-01 03:38:33,2026-06-01 03:44:27,Minh,2,"",UNRESOLVED,""
1780290454320,43a430bc-abdc-4703-8187-f43c8c00728f,r,Minh,"",15,2026-06-01 05:19:07,2026-06-01 05:22:53,Minh,2,"",UNRESOLVED,""
1780290454320,43a430bc-abdc-4703-8187-f43c8c00728f,r,Trân,"",10,2026-06-01 05:23:12,2026-06-01 05:25:22,Minh,2,"",UNRESOLVED,""
1780290454320,5c60441b-c23b-47c1-aead-b7e07cabb90f,s,Minh,"",15,2026-06-01 05:29:35,2026-06-01 05:32:30,Minh,2,"",UNRESOLVED,""
1780290454320,5c60441b-c23b-47c1-aead-b7e07cabb90f,s,Trân,"",10,2026-06-01 05:34:13,2026-06-01 05:36:45,Minh,2,"",UNRESOLVED,""
1780290454320,e9b0de27-55c3-4f65-b96f-91574ed52245,u,Minh,"",20,2026-06-01 05:47:45,2026-06-01 05:57:45,Minh,2,"",UNRESOLVED,""
1780290454320,e9b0de27-55c3-4f65-b96f-91574ed52245,u,Trân,"",10,2026-06-01 05:58:04,2026-06-01 05:59:53,Minh,2,"",UNRESOLVED,""
1780798904912,e328401b-6644-4f2a-bd07-a9ffe8c86930,may-khoan,Trân,"",5,2026-06-07 02:39:50,2026-06-07 02:40:43,Minh,1,"",UNRESOLVED,""
1780798904912,155496a0-dea0-4eeb-9c66-254117aa9eba,khoan,Trân,"",5,2026-06-07 02:45:38,2026-06-07 02:46:23,Minh,1,"",UNRESOLVED,""
1780798904912,7bcd7715-8774-48d2-a66e-686a9bea4491,do-dac,Trân,"",5,2026-06-07 02:47:27,2026-06-07 02:48:20,Minh,1,"",UNRESOLVED,""
1780798904912,bdb869b6-9eac-43dc-afd4-b324ebc362b0,ca-phe,Trân,"",5,2026-06-07 02:51:59,2026-06-07 02:52:53,Minh,1,"",UNRESOLVED,""
1780798904912,ef0975c0-1edb-4b77-adac-3775dc415caa,chao-co,Trân,"",5,2026-06-07 02:53:54,2026-06-07 02:54:44,Minh,1,"",UNRESOLVED,""
1780798904912,44056cbb-82b8-488b-b23e-0b19019669e4,phuc-vu,Trân,"",5,2026-06-07 02:55:38,2026-06-07 02:56:33,Minh,1,"",UNRESOLVED,""
1780798904912,82f58aab-f3ba-436c-87c4-82eccea69c6e,vao-lop,Trân,"",5,2026-06-07 03:02:41,2026-06-07 03:03:29,Minh,1,"",UNRESOLVED,""
1780802531552,1b761ce4-1c9d-41a8-a4eb-6996c314e18d,nhan-vien,Trân,"",5,2026-06-07 03:23:16,2026-06-07 03:24:04,Minh,1,"",UNRESOLVED,""
1783494491576,7f8590bd-2941-4fce-b227-ae755ab14064,tom,Trân,"",3,2026-07-08 07:09:39,2026-07-08 07:10:14,Minh,1,"",UNRESOLVED,""
1784478484729,207f67ff-62da-453b-8821-c137a34d8a5a,xin-chao,Trân,S010,5,2026-07-19 16:39:33,2026-07-19 16:40:14,Minh,1,"",UNRESOLVED,""
1784530308361,2a68d0c5-94bd-48a7-8bad-ad2a36704ac2,xin-chao,Trân,S011,5,2026-07-20 06:52:17,2026-07-20 06:53:03,Minh,3,"",UNRESOLVED,""
1784530308361,2a68d0c5-94bd-48a7-8bad-ad2a36704ac2,xin-chao,Minh,S011,10,2026-07-20 06:53:29,2026-07-20 06:55:26,Minh,3,"",UNRESOLVED,""
1784530308361,2a68d0c5-94bd-48a7-8bad-ad2a36704ac2,xin-chao,Khoa,S011,10,2026-07-20 06:55:52,2026-07-20 06:57:39,Minh,3,"",UNRESOLVED,""
1784530308361,c4b163e7-a5c5-4e99-bca5-d3906051e1ef,toi-di-sieu-thi,Trân,S011,10,2026-07-20 07:05:12,2026-07-20 07:07:12,Minh,3,"",UNRESOLVED,""
1784530308361,c4b163e7-a5c5-4e99-bca5-d3906051e1ef,toi-di-sieu-thi,Minh,S011,10,2026-07-20 07:07:34,2026-07-20 07:09:34,Minh,3,"",UNRESOLVED,""
1784530308361,c4b163e7-a5c5-4e99-bca5-d3906051e1ef,toi-di-sieu-thi,Khoa,S011,10,2026-07-20 07:10:02,2026-07-20 07:12:00,Minh,3,"",UNRESOLVED,""
1784535342816,3f922ef2-14d5-4d10-a467-6b706c00a183,xin-loi,Trân,"",8,2026-07-20 08:17:01,2026-07-20 08:20:10,Minh,1,"",UNRESOLVED,""
1784535923584,a9cfa449-a443-4855-904e-ce79d160419d,xin-loi,Trân,"",3,2026-07-20 08:26:51,2026-07-20 08:27:20,Minh,3,"",UNRESOLVED,""
1784535923584,a9cfa449-a443-4855-904e-ce79d160419d,xin-loi,Minh,"",5,2026-07-20 08:29:12,2026-07-20 08:30:51,Minh,3,"",UNRESOLVED,""
1784535923584,a9cfa449-a443-4855-904e-ce79d160419d,xin-loi,Khoa,"",7,2026-07-20 08:33:41,2026-07-20 08:36:02,Minh,3,"",UNRESOLVED,""
1784647261752,6a5668d1-3145-46b6-89f5-80cdfd03538a,lot-vo-tom,Nhung,S010,5,2026-07-21 15:23:23,2026-07-21 15:24:19,Minh,1,"",UNRESOLVED,""
1784647261752,fb17bc8e-8001-4d3b-91c7-85d57b82a6df,lot-da-ca,Nhung,S010,5,2026-07-21 15:25:11,2026-07-21 15:26:08,Minh,1,"",UNRESOLVED,""
1784647261752,e2211c25-c68c-4d96-8550-645d6b2fc3bd,danh-vay-ca,Nhung,S010,5,2026-07-21 15:26:46,2026-07-21 15:27:44,Minh,1,"",UNRESOLVED,""
1784647261752,a4b62a27-73b0-48fe-ac51-b60a90f29769,cat-ky,Nhung,S010,5,2026-07-21 15:28:12,2026-07-21 15:29:09,Minh,1,"",UNRESOLVED,""
1784647261752,01828f5d-aa9d-439a-bf09-e5ade1f2b317,cat-dau-ca,Nhung,S010,5,2026-07-21 15:29:40,2026-07-21 15:30:39,Minh,1,"",UNRESOLVED,""
1784647261752,8c23fe69-19e0-4165-91a4-fc8d22637fad,tom,Nhung,S010,3,2026-07-21 15:31:34,2026-07-21 15:32:02,Minh,1,"",UNRESOLVED,""
1784649093899,94ca3cdd-1b53-47f7-9244-4697c210c98f,rang-muoi,Khoa,S010,3,2026-07-21 15:52:21,2026-07-21 15:52:48,Minh,1,"",UNRESOLVED,""
1784649093899,ef08eee9-2664-4f37-a882-4d9444da4d55,tom,Khoa,S010,5,2026-07-21 15:53:16,2026-07-21 15:54:12,Minh,1,"",UNRESOLVED,""
1784649093899,c89c4397-8b47-4b76-8fee-150bd1127f06,lot-da-ca,Khoa,S010,3,2026-07-21 15:55:04,2026-07-21 15:55:33,Minh,1,"",UNRESOLVED,""
1784649093899,09c3ca49-bab0-4460-9605-30b9a6bd3feb,lot-vo-tom,Khoa,S010,5,2026-07-21 15:55:57,2026-07-21 15:56:54,Minh,1,"",UNRESOLVED,""
1784649093899,5c5ef24c-b1ec-42cf-b9b1-fa790b7070c8,cat-ky,Khoa,S010,5,2026-07-21 15:57:20,2026-07-21 15:58:17,Minh,1,"",UNRESOLVED,""
1784649093899,d51533e6-38ae-4f94-a6d0-d88de9e6f1ec,cat-dau-ca,Khoa,S010,5,2026-07-21 15:58:49,2026-07-21 15:59:47,Minh,1,"",UNRESOLVED,""
1784649093899,5904098d-22dd-4eea-9711-6b9f8bdb039f,danh-vay-ca,Khoa,S010,5,2026-07-21 16:00:35,2026-07-21 16:01:31,Minh,1,"",UNRESOLVED,""
1784795315718,bf8b89d2-3feb-4574-9f5e-a54422501a6f,lot-vo-tom,Trân,S010,5,2026-07-23 08:29:19,2026-07-23 08:30:13,Minh,1,"",UNRESOLVED,""
1784796123668,9782605d-a383-4960-bb43-4a0e36918f19,cat-dau-ca,Minh,S010,4,2026-07-23 08:44:51,2026-07-23 08:45:49,Minh,1,"",UNRESOLVED,""
1784796123668,c92034e3-9336-42f6-ad88-0dd8fad452bb,cat-ky,Minh,S010,2,2026-07-23 08:46:29,2026-07-23 08:46:43,Minh,1,"",UNRESOLVED,""
1784796123668,12acbfb4-d47f-488b-b682-bffc85bca754,danh-vay-ca,Minh,S010,4,2026-07-23 08:48:15,2026-07-23 08:48:58,Minh,1,"",UNRESOLVED,""
1784796691590,ce8e9724-d49e-4127-bf53-5d9d1762138c,cat-dau-ca,Khoa,S010,10,2026-07-23 08:52:36,2026-07-23 08:54:46,Minh,1,"",UNRESOLVED,""
1784796691590,79b43a50-92d6-4591-bfb8-1a157f2e78d4,cat-ky,Khoa,S010,3,2026-07-23 08:56:33,2026-07-23 08:57:31,Minh,1,"",UNRESOLVED,""
1784796691590,e267b91a-c4ee-4d94-9a4e-c91cd7de3b00,danh-vay-ca,Khoa,S010,10,2026-07-23 09:03:40,2026-07-23 09:06:11,Minh,1,"",UNRESOLVED,""
1784796691590,c59fb5da-cfdd-44c6-8434-42207fd6ca23,lot-da-ca,Khoa,S010,12,2026-07-23 09:10:13,2026-07-23 09:13:49,Minh,1,"",UNRESOLVED,""
1784796691590,4c0f2906-89ad-4f44-a03b-60dc42e1bd6a,lot-vo-tom,Khoa,S010,10,2026-07-23 09:19:39,2026-07-23 09:22:12,Minh,1,"",UNRESOLVED,""
1784796691590,ae7a5823-fc98-41b2-8f26-833c3f5aa53c,rang-muoi,Khoa,S010,11,2026-07-23 09:28:54,2026-07-23 09:50:29,Minh,1,"",UNRESOLVED,""
1784796691590,647fdc7a-9bce-4180-9155-468054b4f18e,tom,Khoa,S010,10,2026-07-23 09:32:31,2026-07-23 09:35:02,Minh,1,"",UNRESOLVED,""
1784800534317,16d1c76e-ecbe-44fa-8b99-f88b800fb0f8,cat-dau-ca,Nhung,S010,10,2026-07-23 09:56:11,2026-07-23 09:58:28,Minh,1,"",UNRESOLVED,""
1784800534317,7794e5ce-ed82-40ac-9407-854e55dc22e0,cat-ky,Nhung,S010,10,2026-07-23 09:58:58,2026-07-23 10:01:13,Minh,1,"",UNRESOLVED,""
1784800534317,7e6ca007-c8be-4e6a-b301-0872b6fff535,danh-vay-ca,Nhung,S010,10,2026-07-23 10:01:50,2026-07-23 10:04:06,Minh,1,"",UNRESOLVED,""
1784800534317,0807ac21-f9d8-4c10-a731-94fc02127835,lot-da-ca,Nhung,S010,10,2026-07-23 10:04:42,2026-07-23 10:06:58,Minh,1,"",UNRESOLVED,""
1784800534317,ce496d4a-e0e3-4344-8019-f8b68f65b7c2,lot-vo-tom,Nhung,S010,10,2026-07-23 10:07:30,2026-07-23 10:09:41,Minh,1,"",UNRESOLVED,""
1784800534317,337dfec5-6f9b-46a9-9a87-a0f025a91b9d,rang-muoi,Nhung,S010,9,2026-07-23 10:13:21,2026-07-23 10:15:16,Minh,1,"",UNRESOLVED,""
1784800534317,ca6268e5-8509-43b7-bdc3-6c86ee1c0cc9,tom,Nhung,S010,12,2026-07-23 10:15:47,2026-07-23 10:18:33,Minh,1,"",UNRESOLVED,""
1784878878561,2ff08c49-edf0-4bf8-a276-9f2085c31286,d,Trân,S010,10,2026-07-24 07:42:41,2026-07-24 07:44:30,Minh,1,"",UNRESOLVED,""
1784878878561,23f354c5-034b-45c2-af66-af24854d5541,p,Trân,S010,15,2026-07-24 07:46:19,2026-07-24 07:49:23,Minh,1,"",UNRESOLVED,""
1784878878561,e1f05ba8-7486-432e-955a-7c660c4c9a2f,r,Trân,S010,5,2026-07-24 07:50:35,2026-07-24 07:51:25,Minh,1,"",UNRESOLVED,""
1784878878561,285074e3-af79-4fff-a084-8d257690a72f,s,Trân,S010,5,2026-07-24 07:52:19,2026-07-24 07:53:08,Minh,1,"",UNRESOLVED,""
1784878878561,7dbacabe-76ab-4543-9d70-cbd173406a2f,t,Trân,S010,5,2026-07-24 07:55:30,2026-07-24 07:56:19,Minh,1,"",UNRESOLVED,""
1784878878561,6d3e9ee0-9b99-415d-960c-f776b34fd74e,u,Trân,S010,5,2026-07-24 07:56:51,2026-07-24 07:57:38,Minh,1,"",UNRESOLVED,""
1784878878561,0bb56d8e-3fd7-4774-a248-1a577dc8ca2f,v,Trân,S010,5,2026-07-24 07:58:00,2026-07-24 07:58:45,Minh,1,"",UNRESOLVED,""
1784878878561,de901309-d2e2-4adf-9eeb-8b4b6316c0e4,z,Trân,S010,5,2026-07-24 07:59:12,2026-07-24 07:59:57,Minh,1,"",UNRESOLVED,""
1784880062109,a6ef89bb-26f8-4469-aa90-9276bd800067,a,Minh,S010,5,2026-07-24 08:01:22,2026-07-24 08:02:07,Minh,1,"",UNRESOLVED,""
1784880062109,42939cb7-e332-45c0-8c51-f1c1ef91aad1,b,Minh,S010,4,2026-07-24 08:02:34,2026-07-24 08:03:08,Minh,1,"",UNRESOLVED,""
1784880062109,1e83d418-cf91-41e0-b1b7-2c2ab280ca8a,c,Minh,S010,5,2026-07-24 08:03:31,2026-07-24 08:04:18,Minh,1,"",UNRESOLVED,""
1784880062109,3a6e156c-32e3-4d28-bb56-2eb8ab124f84,d,Minh,S010,15,2026-07-24 08:04:49,2026-07-24 08:08:03,Minh,1,"",UNRESOLVED,""
1784880062109,15707067-4070-4f70-aef2-08b2af7bc7f8,e,Minh,S010,5,2026-07-24 08:08:41,2026-07-24 08:09:30,Minh,1,"",UNRESOLVED,""
1784880062109,bbf8aa18-8c61-458b-b0e8-54d209d8e805,g,Minh,S010,5,2026-07-24 08:10:08,2026-07-24 08:10:57,Minh,1,"",UNRESOLVED,""
1784880062109,cdc290f8-aa47-4959-b9ab-ef698b7c64c2,h,Minh,S010,5,2026-07-24 08:12:35,2026-07-24 08:13:24,Minh,1,"",UNRESOLVED,""
1784880062109,0caff3e0-b88a-44f4-ac4c-8dc1521f7acf,i,Minh,S010,5,2026-07-24 08:14:06,2026-07-24 08:14:55,Minh,1,"",UNRESOLVED,""
1784880062109,b6cea920-bc36-4464-8704-f495d4a848e8,k,Minh,S010,5,2026-07-24 08:15:57,2026-07-24 08:16:46,Minh,1,"",UNRESOLVED,""
1784880062109,8096e580-de09-46d5-800c-315a45c8fab4,l,Minh,S010,5,2026-07-24 08:17:10,2026-07-24 08:17:59,Minh,1,"",UNRESOLVED,""
1784880062109,51d227c5-f89d-408c-956c-d6b555856f4b,m,Minh,S010,5,2026-07-24 08:18:49,2026-07-24 08:19:41,Minh,1,"",UNRESOLVED,""
1784880062109,5983a21d-0dc0-4e61-871c-3aa13c53ad66,n,Minh,S010,10,2026-07-24 08:20:11,2026-07-24 08:22:04,Minh,1,"",UNRESOLVED,""
1784880062109,38751755-4809-4440-852f-552de1597bf0,o,Minh,S010,10,2026-07-24 08:22:51,2026-07-24 08:24:43,Minh,1,"",UNRESOLVED,""
1784880062109,2ab62678-11ab-41a2-80ea-e6402cb45949,p,Minh,S010,15,2026-07-24 08:25:48,2026-07-24 08:29:36,Minh,1,"",UNRESOLVED,""
1784880062109,974a76a5-0af5-460e-8051-e76917509c41,t,Minh,S010,10,2026-07-24 08:30:25,2026-07-24 08:32:17,Minh,1,"",UNRESOLVED,""
1784880062109,5217fab9-e77d-4c88-8c2d-109a787ef080,x,Minh,S010,10,2026-07-24 08:32:59,2026-07-24 08:34:50,Minh,1,"",UNRESOLVED,""
1784880062109,c5d58b9c-2d03-4328-9031-9a44ec96e483,y,Minh,S010,5,2026-07-24 08:35:16,2026-07-24 08:36:05,Minh,1,"",UNRESOLVED,""
1785135788989,d8569f8d-5a4a-49d9-851e-8815d1bb39af,q,Trân,S010,15,2026-07-27 07:04:02,2026-07-27 07:07:07,Minh,1,"",UNRESOLVED,""
1785138680626,bff661ef-e8ee-4c9b-9ffa-2d561483b241,q,Minh,S010,15,2026-07-27 07:52:01,2026-07-27 07:55:19,Minh,1,"",UNRESOLVED,""
1785140943990,9286293f-3ce5-49be-98e1-93f5ea0637e3,aw,Trân,S010,15,2026-07-27 08:29:37,2026-07-27 08:32:33,Minh,1,"",UNRESOLVED,""
1785140943990,19c511a5-ff09-4987-9b3d-e5139455d0d9,aa,Trân,S010,15,2026-07-27 08:33:19,2026-07-27 08:36:19,Minh,1,"",UNRESOLVED,""
1785141487309,8e3826dd-47ff-4278-b4ec-baabcfd50808,dd,Trân,S010,15,2026-07-27 08:39:07,2026-07-27 08:42:24,Minh,1,"",UNRESOLVED,""
1785141487309,05479a10-75ac-4948-b8e9-2e806fc4063a,ee,Trân,S010,15,2026-07-27 08:43:09,2026-07-27 08:46:17,Minh,1,"",UNRESOLVED,""
1785141487309,07bcafa2-895c-4117-b9f9-aaa6abc260a5,oo,Trân,S010,15,2026-07-27 08:47:42,2026-07-27 08:51:01,Minh,1,"",UNRESOLVED,""
1785141487309,2f86a427-d7ea-4755-b0b8-2358e1d902d0,ow,Trân,S010,15,2026-07-27 08:53:36,2026-07-27 08:56:43,Minh,1,"",UNRESOLVED,""
1785141487309,1fbd39bb-1f8f-467d-85ee-e656dcf824e4,uw,Trân,S010,15,2026-07-27 08:57:27,2026-07-27 09:00:22,Minh,1,"",UNRESOLVED,""
1785144187837,78cc4f59-1a55-4cfb-ad6b-041aed338504,aw,Minh,S010,15,2026-07-27 09:24:10,2026-07-27 09:27:04,Minh,1,"",UNRESOLVED,""
1785144187837,3937b693-96e7-4824-8917-c8d4d516b9e1,aa,Minh,S010,15,2026-07-27 09:27:35,2026-07-27 09:30:35,Minh,1,"",UNRESOLVED,""
1785144699971,bfdc7992-8ebe-45ad-b981-6e834f4580a4,dd,Minh,S010,15,2026-07-27 09:32:02,2026-07-27 09:35:02,Minh,1,"",UNRESOLVED,""
1785145227369,c5d4d81a-4bc4-4078-b4d1-0b4512fd210f,ee,Minh,S010,15,2026-07-27 09:40:57,2026-07-27 09:43:41,Minh,1,"",UNRESOLVED,""
1785145227369,50029d15-9eff-4e4b-8a7a-0d8513864f1b,oo,Minh,S010,15,2026-07-27 09:44:08,2026-07-27 09:46:54,Minh,1,"",UNRESOLVED,""
1785145227369,5014d569-1e79-420b-ba30-362a34a485a9,ow,Minh,S010,15,2026-07-27 09:47:15,2026-07-27 09:49:56,Minh,1,"",UNRESOLVED,""
1785145227369,a2d8c828-6e80-47ba-b45f-f3eee08671c4,uw,Minh,S010,15,2026-07-27 09:51:10,2026-07-27 09:53:55,Minh,1,"",UNRESOLVED,""
1785155551405,1eeb4ae1-8f8c-4641-a64a-20ce08ab2f60,rang-muoi,Thư,S010,15,2026-07-27 12:33:05,2026-07-27 12:36:23,Minh,1,"",UNRESOLVED,""
1785155551405,dfb5771b-48a5-452c-88bd-3a0250857c25,tom,Thư,S010,15,2026-07-27 12:36:49,2026-07-27 12:40:11,Minh,1,"",UNRESOLVED,""
1785155551405,8aa0a803-0fbd-4cde-8320-4cd8eb1290bb,cat-dau-ca,Thư,S010,15,2026-07-27 12:40:49,2026-07-27 12:44:11,Minh,1,"",UNRESOLVED,""
1785155551405,5e7ca261-9785-439d-b50a-8ebdef3c9b59,lot-da-ca,Thư,S010,14,2026-07-27 12:44:45,2026-07-27 12:48:07,Minh,1,"",UNRESOLVED,""
1785155551405,b0d6b450-1435-4902-8b2c-d7bb80cd8a72,lot-vo-tom,Thư,S010,15,2026-07-27 12:48:44,2026-07-27 12:52:06,Minh,1,"",UNRESOLVED,""
1785155551405,04721997-a65d-4bf9-b70b-cca17f994a68,danh-vay-ca,Thư,S010,15,2026-07-27 12:52:45,2026-07-27 12:56:06,Minh,1,"",UNRESOLVED,""
1785155551405,20520947-8e93-44ac-af4b-980ad0d12ace,cat-ky,Thư,S010,15,2026-07-27 12:57:21,2026-07-27 13:01:59,Minh,1,"",UNRESOLVED,""
1785157643452,c6ba9f37-fb0d-48e3-8bf6-123b9e7a8ae8,rang-muoi,Ảnh,S010,15,2026-07-27 13:08:13,2026-07-27 13:11:34,Minh,1,"",UNRESOLVED,""
1785157643452,a2045518-f4c2-4c6a-a699-ad09841ab1b0,tom,Ảnh,S010,15,2026-07-27 13:12:09,2026-07-27 13:15:29,Minh,1,"",UNRESOLVED,""
1785157643452,d5da6f64-5358-4b75-995f-69df497de9a9,cat-dau-ca,Ảnh,S010,15,2026-07-27 13:16:00,2026-07-27 13:19:22,Minh,1,"",UNRESOLVED,""
1785157643452,dd18b7bc-4430-437e-9846-8fad4af0572f,cat-ky,Ảnh,S010,15,2026-07-27 13:20:05,2026-07-27 13:23:27,Minh,1,"",UNRESOLVED,""
1785157643452,d95ee974-4488-40bf-9dbc-125b3d3b83d1,lot-da-ca,Ảnh,S010,15,2026-07-27 13:24:11,2026-07-27 13:27:33,Minh,1,"",UNRESOLVED,""
1785157643452,fb0db24b-0e97-4cff-a864-1227bd5b315d,lot-vo-tom,Ảnh,S010,15,2026-07-27 13:29:17,2026-07-27 13:32:39,Minh,1,"",UNRESOLVED,""
1785157643452,69fc6114-e479-4d58-b8c1-654d0011ea33,danh-vay-ca,Ảnh,S010,15,2026-07-27 13:33:01,2026-07-27 13:36:23,Minh,1,"",UNRESOLVED,""
1785240933228,ea996a1c-2c1e-45a9-83a6-be375b7a8f15,a,Minh,"",5,2026-07-28 12:16:12,2026-07-28 12:16:43,Minh6868,1,"",UNRESOLVED,""
1785295268369,9b4ac330-13b3-41c2-8a0c-0654b32739f2,a,Ảnh,"",10,2026-07-29 03:21:43,2026-07-29 03:23:34,Minh,1,"",UNRESOLVED,""
1785295268369,337ee8f3-576f-4637-8e9c-af3b1ed4a552,aw,Ảnh,"",10,2026-07-29 03:24:19,2026-07-29 03:26:15,Minh,1,"",UNRESOLVED,""
1785295268369,cf716337-6c78-41b7-b8a0-7085617220aa,aa,Ảnh,"",10,2026-07-29 03:26:46,2026-07-29 03:28:41,Minh,1,"",UNRESOLVED,""
1785295268369,334172eb-9ead-40bc-8043-0f44d723403e,b,Ảnh,"",10,2026-07-29 03:29:02,2026-07-29 03:30:57,Minh,1,"",UNRESOLVED,""
1785295268369,cc6b3800-3912-4e55-907e-f05c4ab3238d,c,Ảnh,"",10,2026-07-29 03:31:18,2026-07-29 03:33:14,Minh,1,"",UNRESOLVED,""
1785295268369,464907a7-2910-4c87-a84b-fdd3847cb20c,d,Ảnh,"",10,2026-07-29 03:33:36,2026-07-29 03:35:29,Minh,1,"",UNRESOLVED,""
1785295268369,171487e5-ee4b-4c07-9633-7a90b37f3f1b,dd,Ảnh,"",10,2026-07-29 03:35:59,2026-07-29 03:37:53,Minh,1,"",UNRESOLVED,""
1785295268369,78321922-ce1d-4ea9-9d18-ff39e144e9f3,e,Ảnh,"",10,2026-07-29 03:38:12,2026-07-29 03:40:05,Minh,1,"",UNRESOLVED,""
1785295268369,de1419bd-4570-46e9-b99f-82140fd2116b,ee,Ảnh,"",10,2026-07-29 03:40:33,2026-07-29 03:42:27,Minh,1,"",UNRESOLVED,""
1785295268369,cd0faf5a-737d-4358-bd7f-c359a8af9938,g,Ảnh,"",10,2026-07-29 03:43:38,2026-07-29 03:45:32,Minh,1,"",UNRESOLVED,""
1785295268369,f3851d58-f533-4c70-a870-880ca8da3a65,h,Ảnh,"",10,2026-07-29 03:46:47,2026-07-29 03:48:43,Minh,1,"",UNRESOLVED,""
1785295268369,467d2ce9-7858-4228-b9d5-60211acaeea3,i,Ảnh,"",10,2026-07-29 03:49:16,2026-07-29 03:51:10,Minh,1,"",UNRESOLVED,""
1785295268369,ea8a6b66-9285-47c6-8c04-32d150f658ab,k,Ảnh,"",10,2026-07-29 03:51:57,2026-07-29 03:53:51,Minh,1,"",UNRESOLVED,""
1785295268369,6988c6a7-6355-4f75-8493-0688f0a37d72,l,Ảnh,"",10,2026-07-29 03:54:23,2026-07-29 03:56:17,Minh,1,"",UNRESOLVED,""
1785295268369,0c9b07fd-e54a-4443-954f-0706f837d341,m,Ảnh,"",10,2026-07-29 03:56:59,2026-07-29 03:58:57,Minh,1,"",UNRESOLVED,""
1785295268369,e17fe104-6715-4e4b-8a4c-8d750a6546d0,n,Ảnh,"",10,2026-07-29 04:00:56,2026-07-29 04:02:51,Minh,1,"",UNRESOLVED,""
1785295268369,756fb729-8c40-47dd-a446-bc0b8b97eec9,o,Ảnh,"",10,2026-07-29 04:03:16,2026-07-29 04:05:10,Minh,1,"",UNRESOLVED,""
1785295268369,819b1e27-5385-4b8b-b468-ecd1735422a2,oo,Ảnh,"",10,2026-07-29 04:05:54,2026-07-29 04:07:48,Minh,1,"",UNRESOLVED,""
1785295268369,8e65156a-033e-4e0e-8a97-2a89ac987435,ow,Ảnh,"",10,2026-07-29 04:08:10,2026-07-29 04:10:06,Minh,1,"",UNRESOLVED,""
1785295268369,4290232b-03d3-4e3d-a0f1-ae7620872652,p,Ảnh,"",10,2026-07-29 04:11:38,2026-07-29 04:13:31,Minh,1,"",UNRESOLVED,""
1785295268369,60e709ab-f56d-486f-a979-3753efe0cae8,q,Ảnh,"",10,2026-07-29 04:14:09,2026-07-29 04:16:10,Minh,1,"",UNRESOLVED,""
1785295268369,36ce8350-e232-4ff5-b458-2247c10dafe5,r,Ảnh,"",10,2026-07-29 04:17:05,2026-07-29 04:18:59,Minh,1,"",UNRESOLVED,""
1785295268369,607478e3-74ba-4cda-a678-b5ad3b117fd8,s,Ảnh,"",10,2026-07-29 04:21:28,2026-07-29 04:23:20,Minh,1,"",UNRESOLVED,""
1785295268369,b4c1a717-2810-40a7-8d86-2a6d4aa601c6,t,Ảnh,"",10,2026-07-29 04:25:03,2026-07-29 04:26:56,Minh,1,"",UNRESOLVED,""
1785295268369,00f0d444-3c62-4e10-89be-191725d8d33c,u,Ảnh,"",10,2026-07-29 04:27:33,2026-07-29 04:29:27,Minh,1,"",UNRESOLVED,""
1785295268369,4f77bdd1-9e8a-4fbb-bedb-fc474b2d14c5,uw,Ảnh,"",10,2026-07-29 04:30:01,2026-07-29 04:31:54,Minh,1,"",UNRESOLVED,""
1785295268369,70ba31d8-29ea-4746-9a23-fd686a551ad0,v,Ảnh,"",10,2026-07-29 04:32:23,2026-07-29 04:34:18,Minh,1,"",UNRESOLVED,""
1785295268369,c48db179-aa97-4dfb-90b7-47b29637cc40,x,Ảnh,"",10,2026-07-29 04:35:17,2026-07-29 04:37:07,Minh,1,"",UNRESOLVED,""
1785295268369,969bf2e8-5bec-4a1a-a24f-564a8ba5f8e9,y,Ảnh,"",10,2026-07-29 04:38:01,2026-07-29 04:39:59,Minh,1,"",UNRESOLVED,""
1785295268369,ba43996b-7f56-494d-8eae-9abde2e46886,z,Ảnh,"",10,2026-07-29 04:40:23,2026-07-29 04:42:21,Minh,1,"",UNRESOLVED,""
1785305733923,2d0f829c-e618-4ca3-af4d-66a999647431,a,Khoa,"",5,2026-07-29 06:16:45,2026-07-29 06:17:22,"",1,"",UNRESOLVED,""
1785305733923,b0347755-b953-4cf2-b059-ba67ed954414,b,Khoa,"",5,2026-07-29 06:18:51,2026-07-29 06:19:28,"",1,"",UNRESOLVED,""
1785305733923,598771f9-7aff-46cb-9b28-c5d870de6b24,c,Khoa,"",5,2026-07-29 06:19:55,2026-07-29 06:20:34,"",1,"",UNRESOLVED,""
1785305733923,51add0bc-9e14-47da-8ade-dc354b0d38bf,d,Khoa,"",5,2026-07-29 06:21:06,2026-07-29 06:21:49,"",1,"",UNRESOLVED,""
1785305733923,7e283733-8ee7-448a-a161-d71b05e21db6,e,Khoa,"",5,2026-07-29 06:22:22,2026-07-29 06:22:59,"",1,"",UNRESOLVED,""
1785305733923,74a34754-9013-4328-a98f-0ff54a4149bf,g,Khoa,"",5,2026-07-29 06:23:43,2026-07-29 06:24:20,"",1,"",UNRESOLVED,""
1785305733923,8cd919f5-da94-47a4-8c8c-518cbdafdcf1,h,Khoa,"",5,2026-07-29 06:25:08,2026-07-29 06:25:45,"",1,"",UNRESOLVED,""
1785305733923,08489182-63f5-4c95-92da-cd34e331fcd1,i,Khoa,"",5,2026-07-29 06:26:15,2026-07-29 06:26:52,"",1,"",UNRESOLVED,""
1785305733923,e6481795-aafe-43ad-82aa-1a1159e9a7eb,k,Khoa,"",5,2026-07-29 06:27:27,2026-07-29 06:28:04,"",1,"",UNRESOLVED,""
1785305733923,4de122bc-a682-47fd-8f9f-8d2adf7b6027,l,Khoa,"",5,2026-07-29 06:28:38,2026-07-29 06:29:17,"",1,"",UNRESOLVED,""
1785305733923,29221974-6040-431f-9d85-9ee124307e50,m,Khoa,"",5,2026-07-29 06:30:46,2026-07-29 06:31:22,"",1,"",UNRESOLVED,""
1785305733923,bdcc2491-e4aa-41d4-981b-07cee0177470,n,Khoa,"",5,2026-07-29 06:31:49,2026-07-29 06:32:25,"",1,"",UNRESOLVED,""
1785305733923,35fe5966-c033-4a12-bdf2-bee6ffab3f0a,o,Khoa,"",5,2026-07-29 06:32:57,2026-07-29 06:33:37,"",1,"",UNRESOLVED,""
1785305733923,0823bae9-fb55-4403-b0b6-1501d6c099c1,p,Khoa,"",5,2026-07-29 06:34:17,2026-07-29 06:34:55,"",1,"",UNRESOLVED,""
1785305733923,a3122b28-2fe0-4da8-897c-27efa7ed9011,q,Khoa,"",5,2026-07-29 06:35:24,2026-07-29 06:36:02,"",1,"",UNRESOLVED,""
1785305733923,1d62c47f-4cf5-40e4-a10e-453e09803390,r,Khoa,"",5,2026-07-29 06:36:34,2026-07-29 06:37:17,"",1,"",UNRESOLVED,""
1785305733923,3187c64d-0c78-4db2-927c-51d084842da1,s,Khoa,"",5,2026-07-29 06:37:54,2026-07-29 06:38:31,"",1,"",UNRESOLVED,""
1785305733923,c64437f7-c839-44d4-8801-86f224e0984e,t,Khoa,"",5,2026-07-29 06:39:31,2026-07-29 06:40:08,"",1,"",UNRESOLVED,""
1785305733923,92c490e9-ad24-4d64-a3b5-2565b0efb107,u,Khoa,"",5,2026-07-29 06:40:29,2026-07-29 06:41:10,"",1,"",UNRESOLVED,""
1785307237079,493e1f3d-5731-4ce3-9162-6fa526ade989,a,Huy,S001,20,2026-07-29 06:41:01,2026-07-29 06:45:25,Minh6868,1,"",UNRESOLVED,""
1785305733923,731b94b1-6b78-4e79-ae23-19b912cebd3b,v,Khoa,"",5,2026-07-29 06:41:49,2026-07-29 06:42:27,"",1,"",UNRESOLVED,""
1785305733923,cf31cb06-ea47-4829-85c8-b869ccffb183,x,Khoa,"",5,2026-07-29 06:43:03,2026-07-29 06:43:41,"",1,"",UNRESOLVED,""
1785305733923,83a369ee-5f3a-4d5a-89ca-551f3fb41eb2,y,Khoa,"",5,2026-07-29 06:44:16,2026-07-29 06:44:55,"",1,"",UNRESOLVED,""
1785307975895,8f1186c6-7bdc-4034-91dd-cdc2e281a369,aw,Huy,S001,20,2026-07-29 06:55:27,2026-07-29 06:59:54,Minh6868,1,"",UNRESOLVED,""
1785307975895,c5bd5d15-e8e2-4d08-82a4-fcfe4c88971e,aa,Huy,S001,20,2026-07-29 07:00:39,2026-07-29 07:04:17,Minh6868,1,"",UNRESOLVED,""
1785307975895,2650ddbe-5ffd-43ca-9bac-bff71c7674a2,b,Huy,S001,20,2026-07-29 07:04:48,2026-07-29 07:10:15,Minh6868,1,"",UNRESOLVED,""
1785307975895,2c8b72e5-d648-4218-864b-a670409acbe3,c,Huy,S001,20,2026-07-29 07:11:43,2026-07-29 07:17:08,Minh6868,1,"",UNRESOLVED,""
1785307975895,1e45a08a-5762-4d34-ad8f-5cd10facef1d,d,Huy,S001,20,2026-07-29 07:18:18,2026-07-29 07:23:47,Minh6868,1,"",UNRESOLVED,""
1785307975895,ccd7e4fc-f9cd-4e4a-8906-973669be3aa7,e,Huy,S001,20,2026-07-29 07:28:56,2026-07-29 07:48:31,Minh6868,1,"",UNRESOLVED,""
1785307975895,be822f2a-24ea-4f68-905f-63d281168153,ee,Huy,S001,20,2026-07-29 07:48:54,2026-07-29 07:52:29,Minh6868,1,"",UNRESOLVED,""
1785307975895,2780fd46-5b91-4ed7-8f0d-04f1950e03a8,g,Huy,S001,20,2026-07-29 07:53:16,2026-07-29 07:59:11,Minh6868,1,"",UNRESOLVED,""
1785307975895,ed14c1a6-6bf1-4472-9733-f1c797c8f7e7,h,Huy,S001,20,2026-07-29 07:59:57,2026-07-29 08:13:52,Minh6868,1,"",UNRESOLVED,""
1785307975895,38f6861d-234d-40e3-8196-1ef1bbfabb69,i,Huy,S001,20,2026-07-29 08:15:31,2026-07-29 08:20:29,Minh6868,1,"",UNRESOLVED,""
1785307975895,55f83c84-909a-4d47-8274-e8b4f5db8e11,k,Huy,S001,20,2026-07-29 08:24:04,2026-07-29 08:28:02,Minh6868,1,"",UNRESOLVED,""
1785307975895,08c81355-446a-4eed-ae5e-45e375a11b11,l,Huy,S001,20,2026-07-29 08:29:38,2026-07-29 08:33:02,Minh6868,1,"",UNRESOLVED,""
1785307975895,e4302ea3-608b-4b66-9452-ae7e4a653b9c,n,Huy,S001,20,2026-07-29 08:37:24,2026-07-29 08:43:07,Minh6868,1,"",UNRESOLVED,""
1785307975895,18dde3fe-86f6-4608-b33f-07d2fd2b94d6,o,Huy,S001,20,2026-07-29 09:36:05,2026-07-29 09:48:08,Minh6868,1,"",UNRESOLVED,""
1785307975895,1088881a-728c-47dc-a599-839abe995483,oo,Huy,S001,20,2026-07-29 09:59:14,2026-07-29 10:25:53,Minh6868,1,"",UNRESOLVED,""
1785337612041,4b7a37db-90df-4ad5-b763-fef383b359b6,a,Khoa,S002,10,2026-07-29 15:14:06,2026-07-29 15:15:22,Khoa,1,"",UNRESOLVED,""
1785338133740,a5713610-c4f8-40aa-bdd4-7a99e2dd5d65,a,Khoa,S002,20,2026-07-29 15:16:13,2026-07-29 15:19:29,Khoa,1,"",UNRESOLVED,""
1785338133740,1767951f-1c00-4c28-9f1d-9cce321d7073,b,Khoa,S002,10,2026-07-29 15:20:12,2026-07-29 15:21:41,Khoa,1,"",UNRESOLVED,""
1785338600057,e8aea4ed-de40-4143-960f-11c84dfc92ba,b,Khoa,S002,10,2026-07-29 15:23:32,2026-07-29 15:25:02,Khoa,1,"",UNRESOLVED,""
1785338190799,4464dc3b-8a80-45ea-9d8e-98dc1bc1db4d,ow,Huy,S001,10,2026-07-29 15:26:41,2026-07-29 15:49:09,Minh6868,1,"",UNRESOLVED,""
1785339571033,c239978d-1894-4f08-887f-fbda51769422,a,Khang,S002,10,2026-07-29 15:39:54,2026-07-29 15:41:41,Khoa,1,"",UNRESOLVED,""
1785339571033,610f6ce9-c2ac-4161-9a40-26ab087971c3,aw,Khoa,S002,5,2026-07-29 15:43:41,2026-07-29 15:44:26,Khoa,1,"",UNRESOLVED,""
1785339873247,85755379-a69c-4220-8a7f-cdf233ae5f22,aw,Khoa,S002,10,2026-07-29 15:45:32,2026-07-29 15:47:27,Khoa,1,"",UNRESOLVED,""
1785339873247,5ad1e5ea-ce10-4698-a9db-011cf2122902,aa,Khoa,S002,10,2026-07-29 15:48:11,2026-07-29 15:50:13,Khoa,1,"",UNRESOLVED,""
1785339873247,f5be3962-16af-4e0a-9a1d-512e098a532a,b,Khoa,S002,10,2026-07-29 15:50:41,2026-07-29 15:52:25,Khoa,1,"",UNRESOLVED,""
1785338190799,457475bb-2434-4ef9-a3a7-c5761c867300,p,Huy,S001,10,2026-07-29 15:52:01,2026-07-29 15:53:20,Minh6868,1,"",UNRESOLVED,""
1785339873247,a2c7b60c-5782-48b4-a945-08248ad51cc3,c,Khoa,S002,10,2026-07-29 16:00:52,2026-07-29 16:02:56,Khoa,1,"",UNRESOLVED,""
1785339873247,f9550c9e-378c-48db-b5cc-574c7f75ee4f,d,Khoa,S002,10,2026-07-29 16:03:36,2026-07-29 16:06:02,Khoa,1,"",UNRESOLVED,""
1785339873247,bcdc2d65-fea3-4d57-9749-6b5bc744fcdc,dd,Khoa,S002,10,2026-07-29 16:07:11,2026-07-29 16:09:24,Khoa,1,"",UNRESOLVED,""
1785338190799,e06572e1-6db5-4009-8a8d-bab50b04dd9c,r,Huy,S001,10,2026-07-29 16:07:17,2026-07-29 16:08:35,Minh6868,1,"",UNRESOLVED,""
1785339873247,faea2153-347a-41d2-87ef-03deb16cabc0,e,Khoa,S002,10,2026-07-29 16:10:16,2026-07-29 16:12:47,Khoa,1,"",UNRESOLVED,""
1785339873247,1eb551f8-e6ea-4df3-b515-641bd1509689,ee,Khoa,S002,10,2026-07-29 16:14:01,2026-07-29 16:16:06,Khoa,1,"",UNRESOLVED,""
1785339873247,6ec3929c-44b3-450e-8e16-af79289cc3cf,g,Khoa,S002,10,2026-07-29 16:16:45,2026-07-29 16:18:51,Khoa,1,"",UNRESOLVED,""
1785339873247,633161e9-efeb-47ce-8254-f6b879cbcaf7,h,Khoa,S002,10,2026-07-29 16:20:43,2026-07-29 16:23:23,Khoa,1,"",UNRESOLVED,""
1785339873247,fbc2b519-d6bd-46ff-8141-5dfe21ba3922,i,Khoa,S002,10,2026-07-29 16:24:07,2026-07-29 16:27:15,Khoa,1,"",UNRESOLVED,""
1785339873247,06306269-20ea-4f85-9043-c4da5b26ad14,k,Khoa,S002,10,2026-07-29 16:28:14,2026-07-29 16:30:09,Khoa,1,"",UNRESOLVED,""
1785339873247,7df9afb2-11dc-43be-aaf6-72a7d570d048,l,Khoa,S002,10,2026-07-29 16:31:19,2026-07-29 16:33:34,Khoa,1,"",UNRESOLVED,""
1785339873247,467bf14b-c68b-413a-a79b-a232f96cf71a,m,Khoa,S002,10,2026-07-29 16:34:00,2026-07-29 16:35:42,Khoa,1,"",UNRESOLVED,""
1785339873247,310e6fa3-38ac-4b37-8565-3120ab85384b,n,Khoa,S002,10,2026-07-29 16:36:14,2026-07-29 16:38:36,Khoa,1,"",UNRESOLVED,""
1785339873247,ab36e943-a1d1-4434-a7ba-962b75786afe,o,Khoa,S002,10,2026-07-29 16:39:40,2026-07-29 16:41:20,Khoa,1,"",UNRESOLVED,""
1785339873247,7fb2116b-9a3a-49f5-a26c-a1731d089814,oo,Khoa,S002,10,2026-07-29 16:42:49,2026-07-29 16:44:41,Khoa,1,"",UNRESOLVED,""
1785339873247,18212d2b-5460-4455-858f-e1b0dd833a21,ow,Khoa,S002,10,2026-07-29 16:45:09,2026-07-29 16:46:53,Khoa,1,"",UNRESOLVED,""
1785339873247,f2968769-2350-421e-85be-6afd9d51ba4e,p,Khoa,S002,10,2026-07-29 16:47:22,2026-07-29 16:49:17,Khoa,1,"",UNRESOLVED,""
1785339873247,6f681da7-1b52-470f-9b9b-8c8cca5a1c7c,q,Khoa,S002,10,2026-07-29 16:52:14,2026-07-29 16:55:21,Khoa,1,"",UNRESOLVED,""
1785339873247,14eb689a-ada9-4456-bd7d-7432526b16b1,r,Khoa,S002,10,2026-07-29 16:55:58,2026-07-29 16:58:07,Khoa,1,"",UNRESOLVED,""
1785339873247,4e804037-2588-45a5-919f-d95f7d48211d,s,Khoa,S002,10,2026-07-29 16:58:56,2026-07-29 17:00:48,Khoa,1,"",UNRESOLVED,""
1785339873247,a2ac28e9-316f-4dd7-aa18-7edc546cac9e,t,Khoa,S002,10,2026-07-29 17:01:34,2026-07-29 17:03:16,Khoa,1,"",UNRESOLVED,""
1785339873247,05333269-8019-4ad8-88c7-d52558707347,u,Khoa,S002,10,2026-07-29 17:03:41,2026-07-29 17:05:37,Khoa,1,"",UNRESOLVED,""
1785339873247,1cacb0b3-d7ef-42de-9d0d-1af945684965,uw,Khoa,S002,10,2026-07-29 17:06:26,2026-07-29 17:08:16,Khoa,1,"",UNRESOLVED,""
1785339873247,1bb7a3a7-4752-44b6-a147-06a03295ffc7,v,Khoa,S002,10,2026-07-29 17:09:10,2026-07-29 17:11:01,Khoa,1,"",UNRESOLVED,""
1785339873247,7892ac97-30f0-4131-9712-7f6f654d4e37,x,Khoa,S002,10,2026-07-29 17:11:28,2026-07-29 17:13:06,Khoa,1,"",UNRESOLVED,""
1785339873247,aafdefcf-4c59-4a9c-9bb5-032da2f74584,y,Khoa,S002,10,2026-07-29 17:13:45,2026-07-29 17:15:43,Khoa,1,"",UNRESOLVED,""
1785377506734,8fde32d8-15c3-4e5d-9af2-77ae4aed09fa,s,Huy,S001,10,2026-07-30 02:12:53,2026-07-30 02:14:42,Minh6868,1,"",UNRESOLVED,""
1785377506734,2e744bcd-aa81-4493-bda6-db9914ef3ee1,t,Huy,S001,10,2026-07-30 02:15:19,2026-07-30 02:16:57,Minh6868,1,"",UNRESOLVED,""
1785377506734,fcef0882-12ad-43c7-98db-9eb2424bf46a,u,Huy,S001,10,2026-07-30 02:17:38,2026-07-30 02:19:14,Minh6868,1,"",UNRESOLVED,""
1785377506734,a10ebb3b-64b7-4c17-a59a-bd3d50365227,uw,Huy,S001,10,2026-07-30 02:19:57,2026-07-30 02:21:35,Minh6868,1,"",UNRESOLVED,""
1785377506734,30b4e491-8c60-4509-985b-5345e0b483ac,v,Huy,S001,10,2026-07-30 02:22:00,2026-07-30 02:24:16,Minh6868,1,"",UNRESOLVED,""
1785377506734,535939ff-863a-453c-acc0-797f48b60a46,x,Huy,S001,10,2026-07-30 02:25:18,2026-07-30 02:27:03,Minh6868,1,"",UNRESOLVED,""
1785377506734,65262d5d-0fcc-478c-aaa6-eeb3c9b2e369,y,Huy,S001,10,2026-07-30 02:28:28,2026-07-30 02:30:07,Minh6868,1,"",UNRESOLVED,""
1785377506734,25579c0f-8ca2-46c5-8730-e608531e88a2,z,Huy,S001,10,2026-07-30 02:30:32,2026-07-30 02:32:11,Minh6868,1,"",UNRESOLVED,""
1785400340784,1f217221-e8fb-43b2-ae06-322bb54239d6,nan-mun,Thu Ngân,"",5,2026-07-30 08:34:54,2026-07-30 08:35:32,"",1,"",UNRESOLVED,""
1785400340784,86f7ea5f-62d0-45b9-8302-48c26999b6f1,up-mong,Trâm,"",5,2026-07-30 08:37:17,2026-07-30 08:38:02,"",1,"",UNRESOLVED,""
1785400340784,1af35746-3bcf-4508-8a0c-02edd9586e9e,cat-da,Trâm,"",5,2026-07-30 08:38:45,2026-07-30 08:39:28,"",1,"",UNRESOLVED,""
1785400340784,2d9b79b8-4fb8-4413-b959-cb7fa93c1306,lam-mat-meo,Trâm,"",5,2026-07-30 08:40:40,2026-07-30 08:41:23,"",1,"",UNRESOLVED,""
1785400340784,8f6a062a-cccc-4dc7-a01b-74769c609c97,duoi-mong,Trâm,"",5,2026-07-30 08:42:05,2026-07-30 08:42:48,"",1,"",UNRESOLVED,""
1785400340784,99c37c38-8911-4d29-a7a2-9951cc8b7e86,son-mong,Trâm,"",5,2026-07-30 08:43:44,2026-07-30 08:44:22,"",1,"",UNRESOLVED,""
1785400340784,5813a866-10d4-4fb9-91e3-d75672c79009,ho-gel,Trâm,"",5,2026-07-30 08:48:28,2026-07-30 08:49:14,"",1,"",UNRESOLVED,""
1785400340784,542588d1-7028-484d-a4f8-679b7824744e,tay-mong,Trâm,"",5,2026-07-30 08:51:44,2026-07-30 08:52:23,"",1,"",UNRESOLVED,""
1785400340784,c0bba9f4-34b9-416f-ac05-6c1927858ca4,dap-bot,Trâm,"",5,2026-07-30 08:54:06,2026-07-30 08:54:46,"",1,"",UNRESOLVED,""
1785402117148,b5b384f6-4843-46c3-b2a2-883f9595e33c,cat-da,Trâm,"",5,2026-07-30 09:06:20,2026-07-30 09:08:53,"",1,"",UNRESOLVED,""
1785402824308,99a0547f-9c31-4e9f-bac5-ca0e0931d63c,nan-mun,Thu Ngân,"",1,2026-07-30 09:14:50,2026-07-30 09:14:50,"",1,"",UNRESOLVED,""
1785402916070,10c2772b-994a-46d8-8971-bcdf69367e5d,nan-mun,Thu Ngân,"",5,2026-07-30 09:16:14,2026-07-30 09:17:01,"",1,"",UNRESOLVED,""
1787102076263,2f8ea578-d13d-4d29-9a3f-dd2434640a5a,xin-chao,Minh,S001,2,2026-08-19 01:15:47,2026-08-19 01:15:51,Minh6868,1,"",UNRESOLVED,""
1787383622276,2c8bc0e4-3ed7-4d5e-9fe8-846df3e8192e,xin-chao,Minh,S103,1,2026-08-22 07:28:58,2026-08-22 07:28:58,Minh123,1,"",UNRESOLVED,""
1787386215744,4b046f78-32c4-4855-855c-59f372b7f76d,xin-chao,Minh,S104,1,2026-08-22 08:11:47,2026-08-22 08:11:47,Minh1234,1,"",UNRESOLVED,""
